timestamp,value
2014-12-20 00:00:00,25878.305
2014-12-20 00:30:00,22099.523
2014-12-20 01:00:00,17316.863
2014-12-20 01:30:00,15685.479
2014-12-20 02:00:00,12078.574
2014-12-20 02:30:00,9082.873
2014-12-20 03:00:00,9949.01
2014-12-20 03:30:00,8955.1
2014-12-20 04:00:00,11074.57
2014-12-20 04:30:00,8041.0664
2014-12-20 05:00:00,6585.1104
2014-12-20 05:30:00,3605.9482
2014-12-20 06:00:00,4095.7773
2014-12-20 06:30:00,4973.211
2014-12-20 07:00:00,8815.951
2014-12-20 07:30:00,8947.885
2014-12-20 08:00:00,13485.115
2014-12-20 08:30:00,15505.085
2014-12-20 09:00:00,18857.078
2014-12-20 09:30:00,19030.658
2014-12-20 10:00:00,14876.147
2014-12-20 10:30:00,15114.746
2014-12-20 11:00:00,14021.8125
2014-12-20 11:30:00,16265.371
2014-12-20 12:00:00,16771.266
2014-12-20 12:30:00,19777.75
2014-12-20 13:00:00,18309.406
2014-12-20 13:30:00,17508.18
2014-12-20 14:00:00,19628.84
2014-12-20 14:30:00,19947.145
2014-12-20 15:00:00,20175.697
2014-12-20 15:30:00,19211.627
2014-12-20 16:00:00,18167.727
2014-12-20 16:30:00,15137.903
2014-12-20 17:00:00,18882.28
2014-12-20 17:30:00,16425.688
2014-12-20 18:00:00,18038.186
2014-12-20 18:30:00,18461.086
2014-12-20 19:00:00,21310.205
2014-12-20 19:30:00,25183.734
2014-12-20 20:00:00,22459.19
2014-12-20 20:30:00,23218.832
2014-12-20 21:00:00,18626.36
2014-12-20 21:30:00,15978.509
2014-12-20 22:00:00,17622.57
2014-12-20 22:30:00,21636.506
2014-12-20 23:00:00,23622.434
2014-12-20 23:30:00,24743.732
2014-12-21 00:00:00,27215.24
2014-12-21 00:30:00,23505.281
2014-12-21 01:00:00,18368.516
2014-12-21 01:30:00,15515.486
2014-12-21 02:00:00,13696.113
2014-12-21 02:30:00,11141.442
2014-12-21 03:00:00,12676.102
2014-12-21 03:30:00,9067.769
2014-12-21 04:00:00,10821.553
2014-12-21 04:30:00,10617.963
2014-12-21 05:00:00,7261.863
2014-12-21 05:30:00,5708.913
2014-12-21 06:00:00,3963.6787
2014-12-21 06:30:00,3853.1162
2014-12-21 07:00:00,6027.0615
2014-12-21 07:30:00,7541.863
2014-12-21 08:00:00,12507.892
2014-12-21 08:30:00,13356.783
2014-12-21 09:00:00,13722.071
2014-12-21 09:30:00,13110.741
2014-12-21 10:00:00,12033.111
2014-12-21 10:30:00,13875.413
2014-12-21 11:00:00,12558.385
2014-12-21 11:30:00,14843.12
2014-12-21 12:00:00,18210.16
2014-12-21 12:30:00,18894.648
2014-12-21 13:00:00,21440.988
2014-12-21 13:30:00,22929.59
2014-12-21 14:00:00,22264.852
2014-12-21 14:30:00,23268.496
2014-12-21 15:00:00,25376.295
2014-12-21 15:30:00,21759.145
2014-12-21 16:00:00,19002.475
2014-12-21 16:30:00,17421.924
2014-12-21 17:00:00,18119.104
2014-12-21 17:30:00,17944.617
2014-12-21 18:00:00,19445.215
2014-12-21 18:30:00,19868.678
2014-12-21 19:00:00,23925.715
2014-12-21 19:30:00,22535.91
2014-12-21 20:00:00,24034.402
2014-12-21 20:30:00,21482.084
2014-12-21 21:00:00,15569.664
2014-12-21 21:30:00,16245.756
2014-12-21 22:00:00,15376.331
2014-12-21 22:30:00,16535.35
2014-12-21 23:00:00,18129.938
2014-12-21 23:30:00,19834.137
2014-12-22 00:00:00,19216.795
2014-12-22 00:30:00,17133.762
2014-12-22 01:00:00,16704.682
2014-12-22 01:30:00,10653.309
2014-12-22 02:00:00,8365.353
2014-12-22 02:30:00,5596.579
2014-12-22 03:00:00,8073.504
2014-12-22 03:30:00,6393.797
2014-12-22 04:00:00,6749.756
2014-12-22 04:30:00,9194.309
2014-12-22 05:00:00,5818.541
2014-12-22 05:30:00,5539.047
2014-12-22 06:00:00,6113.623
2014-12-22 06:30:00,6675.491
2014-12-22 07:00:00,7379.076
2014-12-22 07:30:00,11800.165
2014-12-22 08:00:00,16272.593
2014-12-22 08:30:00,19448.635
2014-12-22 09:00:00,19787.95
2014-12-22 09:30:00,21018.73
2014-12-22 10:00:00,22016.848
2014-12-22 10:30:00,18861.424
2014-12-22 11:00:00,18457.225
2014-12-22 11:30:00,17789.453
2014-12-22 12:00:00,19165.69
2014-12-22 12:30:00,19785.02
2014-12-22 13:00:00,20830.535
2014-12-22 13:30:00,19408.947
2014-12-22 14:00:00,23756.957
2014-12-22 14:30:00,19659.734
2014-12-22 15:00:00,22357.66
2014-12-22 15:30:00,21709.053
2014-12-22 16:00:00,19921.53
2014-12-22 16:30:00,16468.693
2014-12-22 17:00:00,17850.844
2014-12-22 17:30:00,14980.49
2014-12-22 18:00:00,17554.69
2014-12-22 18:30:00,18605.012
2014-12-22 19:00:00,21000.678
2014-12-22 19:30:00,20210.469
2014-12-22 20:00:00,20176.86
2014-12-22 20:30:00,19664.348
2014-12-22 21:00:00,15184.202
2014-12-22 21:30:00,17221.04
2014-12-22 22:00:00,16093.866
2014-12-22 22:30:00,18464.209
2014-12-22 23:00:00,21534.094
2014-12-22 23:30:00,22540.316
2014-12-23 00:00:00,19976.33
2014-12-23 00:30:00,15687.103
2014-12-23 01:00:00,12402.012
2014-12-23 01:30:00,8321.894
2014-12-23 02:00:00,6197.039
2014-12-23 02:30:00,3002.292
2014-12-23 03:00:00,3362.6172
2014-12-23 03:30:00,1828.1299
2014-12-23 04:00:00,4790.915
2014-12-23 04:30:00,5197.378
2014-12-23 05:00:00,5808.968
2014-12-23 05:30:00,2975.0664
2014-12-23 06:00:00,2143.6045
2014-12-23 06:30:00,3868.5566
2014-12-23 07:00:00,9322.875
2014-12-23 07:30:00,14563.612
2014-12-23 08:00:00,19128.338
2014-12-23 08:30:00,20264.963
2014-12-23 09:00:00,22213.14
2014-12-23 09:30:00,22344.174
2014-12-23 10:00:00,18415.178
2014-12-23 10:30:00,19222.604
2014-12-23 11:00:00,17597.078
2014-12-23 11:30:00,18522.53
2014-12-23 12:00:00,19412.318
2014-12-23 12:30:00,18948.266
2014-12-23 13:00:00,20803.148
2014-12-23 13:30:00,21877.32
2014-12-23 14:00:00,21506.574
2014-12-23 14:30:00,21086.027
2014-12-23 15:00:00,20922.266
2014-12-23 15:30:00,18975.113
2014-12-23 16:00:00,19430.049
2014-12-23 16:30:00,17374.527
2014-12-23 17:00:00,17909.818
2014-12-23 17:30:00,15355.658
2014-12-23 18:00:00,16359.525
2014-12-23 18:30:00,16842.38
2014-12-23 19:00:00,22762.387
2014-12-23 19:30:00,21297.756
2014-12-23 20:00:00,19408.135
2014-12-23 20:30:00,19337.635
2014-12-23 21:00:00,19799.494
2014-12-23 21:30:00,20348.072
2014-12-23 22:00:00,19279.998
2014-12-23 22:30:00,22781.125
2014-12-23 23:00:00,25402.184
2014-12-23 23:30:00,23341.777
2014-12-24 00:00:00,19356.762
2014-12-24 00:30:00,16753.45
2014-12-24 01:00:00,12229.829
2014-12-24 01:30:00,6576.0967
2014-12-24 02:00:00,5998.34
2014-12-24 02:30:00,2386.8652
2014-12-24 03:00:00,2815.9531
2014-12-24 03:30:00,272.5879
2014-12-24 04:00:00,3918.4648
2014-12-24 04:30:00,2695.3555
2014-12-24 05:00:00,637.7246
2014-12-24 05:30:00,555.8594
2014-12-24 06:00:00,23.34082
2014-12-24 06:30:00,1364.5195
2014-12-24 07:00:00,6914.0527
2014-12-24 07:30:00,9012.881
2014-12-24 08:00:00,14471.251
2014-12-24 08:30:00,16719.725
2014-12-24 09:00:00,21663.1
2014-12-24 09:30:00,19019.418
2014-12-24 10:00:00,17514.03
2014-12-24 10:30:00,16105.69
2014-12-24 11:00:00,14798.41
2014-12-24 11:30:00,13458.764
2014-12-24 12:00:00,14452.439
2014-12-24 12:30:00,17008.754
2014-12-24 13:00:00,17864.607
2014-12-24 13:30:00,19333.004
2014-12-24 14:00:00,19568.6
2014-12-24 14:30:00,20045.062
2014-12-24 15:00:00,19338.209
2014-12-24 15:30:00,19676.756
2014-12-24 16:00:00,18073.541
2014-12-24 16:30:00,18313.38
2014-12-24 17:00:00,18609.283
2014-12-24 17:30:00,19035.12
2014-12-24 18:00:00,20316.33
2014-12-24 18:30:00,20891.41
2014-12-24 19:00:00,23277.91
2014-12-24 19:30:00,23088.227
2014-12-24 20:00:00,24034.896
2014-12-24 20:30:00,21849.607
2014-12-24 21:00:00,22368.82
2014-12-24 21:30:00,21250.457
2014-12-24 22:00:00,21100.621
2014-12-24 22:30:00,22892.094
2014-12-24 23:00:00,23868.352
2014-12-24 23:30:00,21253.357
2014-12-25 00:00:00,18318.795
2014-12-25 00:30:00,14283.357
2014-12-25 01:00:00,9509.4
2014-12-25 01:30:00,5214.297
2014-12-25 02:00:00,2686.8477
2014-12-25 02:30:00,1113.9307
2014-12-25 03:00:00,2931.255
2014-12-25 03:30:00,4286.177
2014-12-25 04:00:00,6231.1016
2014-12-25 04:30:00,8224.262
2014-12-25 05:00:00,4714.038
2014-12-25 05:30:00,2855.6182
2014-12-25 06:00:00,5011.625
2014-12-25 06:30:00,5739.8457
2014-12-25 07:00:00,9742.09
2014-12-25 07:30:00,15872.484
2014-12-25 08:00:00,20868.861
2014-12-25 08:30:00,25042.598
2014-12-25 09:00:00,23707.645
2014-12-25 09:30:00,24181.51
2014-12-25 10:00:00,21048.645
2014-12-25 10:30:00,19705.883
2014-12-25 11:00:00,17620.928
2014-12-25 11:30:00,17799.002
2014-12-25 12:00:00,18761.545
2014-12-25 12:30:00,16749.496
2014-12-25 13:00:00,18123.053
2014-12-25 13:30:00,18707.66
2014-12-25 14:00:00,19660.67
2014-12-25 14:30:00,19976.14
2014-12-25 15:00:00,21102.059
2014-12-25 15:30:00,19987.34
2014-12-25 16:00:00,20701.125
2014-12-25 16:30:00,20774.89
2014-12-25 17:00:00,21843.912
2014-12-25 17:30:00,21726.652
2014-12-25 18:00:00,24236.598
2014-12-25 18:30:00,25801.537
2014-12-25 19:00:00,26868.363
2014-12-25 19:30:00,25449.793
2014-12-25 20:00:00,25756.484
2014-12-25 20:30:00,21567.275
2014-12-25 21:00:00,20865.574
2014-12-25 21:30:00,18010.959
2014-12-25 22:00:00,18285.79
2014-12-25 22:30:00,23899.146
2014-12-25 23:00:00,23217.164
2014-12-25 23:30:00,22804.176
2014-12-26 00:00:00,18914.295
2014-12-26 00:30:00,13942.838
2014-12-26 01:00:00,8804.509
2014-12-26 01:30:00,2887.245
2014-12-26 02:00:00,3734.7354
2014-12-26 02:30:00,3795.418
2014-12-26 03:00:00,2251.7988
2014-12-26 03:30:00,4162.6396
2014-12-26 04:00:00,8037.6587
2014-12-26 04:30:00,8360.213
2014-12-26 05:00:00,5281.1924
2014-12-26 05:30:00,6038.742
2014-12-26 06:00:00,4090.4814
2014-12-26 06:30:00,5330.4033
2014-12-26 07:00:00,10312.064
2014-12-26 07:30:00,13930.057
2014-12-26 08:00:00,18795.668
2014-12-26 08:30:00,20921.2
2014-12-26 09:00:00,24769.84
2014-12-26 09:30:00,22867.023
2014-12-26 10:00:00,20234.975
2014-12-26 10:30:00,17949.7
2014-12-26 11:00:00,14496.885
2014-12-26 11:30:00,13749.292
2014-12-26 12:00:00,15831.111
2014-12-26 12:30:00,16456.354
2014-12-26 13:00:00,17327.037
2014-12-26 13:30:00,15609.066
2014-12-26 14:00:00,18662.283
2014-12-26 14:30:00,18731.78
2014-12-26 15:00:00,19790.648
2014-12-26 15:30:00,19340.135
2014-12-26 16:00:00,19427.127
2014-12-26 16:30:00,17526.924
2014-12-26 17:00:00,18375.902
2014-12-26 17:30:00,18347.582
2014-12-26 18:00:00,23250.596
2014-12-26 18:30:00,24153.383
2014-12-26 19:00:00,25763.39
2014-12-26 19:30:00,25403.254
2014-12-26 20:00:00,23790.402
2014-12-26 20:30:00,21398.455
2014-12-26 21:00:00,21924.191
2014-12-26 21:30:00,19790.078
2014-12-26 22:00:00,18630.873
2014-12-26 22:30:00,26363.242
2014-12-26 23:00:00,26712.695
2014-12-26 23:30:00,26605.07
2014-12-27 00:00:00,26006.688
2014-12-27 00:30:00,21827.422
2014-12-27 01:00:00,17611.643
2014-12-27 01:30:00,13574.413
2014-12-27 02:00:00,12140.619
2014-12-27 02:30:00,10603.318
2014-12-27 03:00:00,10122.535
2014-12-27 03:30:00,11485.611
2014-12-27 04:00:00,12995.683
2014-12-27 04:30:00,10119.27
2014-12-27 05:00:00,7710.9683
2014-12-27 05:30:00,4438.626
2014-12-27 06:00:00,4452.301
2014-12-27 06:30:00,5749.2324
2014-12-27 07:00:00,7951.0264
2014-12-27 07:30:00,6969.166
2014-12-27 08:00:00,15102.529
2014-12-27 08:30:00,17148.318
2014-12-27 09:00:00,19054.42
2014-12-27 09:30:00,16599.541
2014-12-27 10:00:00,15992.179
2014-12-27 10:30:00,15072.564
2014-12-27 11:00:00,14441.149
2014-12-27 11:30:00,15656.273
2014-12-27 12:00:00,15691.398
2014-12-27 12:30:00,16987.318
2014-12-27 13:00:00,17492.92
2014-12-27 13:30:00,18379.922
2014-12-27 14:00:00,18993.828
2014-12-27 14:30:00,17907.764
2014-12-27 15:00:00,19913.625
2014-12-27 15:30:00,17816.451
2014-12-27 16:00:00,18616.771
2014-12-27 16:30:00,18727.318
2014-12-27 17:00:00,18210.193
2014-12-27 17:30:00,19265.482
2014-12-27 18:00:00,20555.762
2014-12-27 18:30:00,19828.879
2014-12-27 19:00:00,24284.062
2014-12-27 19:30:00,26357.965
2014-12-27 20:00:00,23293.426
2014-12-27 20:30:00,20251.297
2014-12-27 21:00:00,19029.637
2014-12-27 21:30:00,15162.773
2014-12-27 22:00:00,17130.258
2014-12-27 22:30:00,21141.879
2014-12-27 23:00:00,23458.197
2014-12-27 23:30:00,25014.55
2014-12-28 00:00:00,24163.715
2014-12-28 00:30:00,20150.256
2014-12-28 01:00:00,19149.6
2014-12-28 01:30:00,15938.707
2014-12-28 02:00:00,15283.95
2014-12-28 02:30:00,12033.508
2014-12-28 03:00:00,9992.248
2014-12-28 03:30:00,10109.139
2014-12-28 04:00:00,10631.103
2014-12-28 04:30:00,10084.455
2014-12-28 05:00:00,5821.453
2014-12-28 05:30:00,5578.747
2014-12-28 06:00:00,4606.0723
2014-12-28 06:30:00,5134.823
2014-12-28 07:00:00,6422.4746
2014-12-28 07:30:00,7452.4985
2014-12-28 08:00:00,11955.567
2014-12-28 08:30:00,12474.238
2014-12-28 09:00:00,13591.591
2014-12-28 09:30:00,13148.889
2014-12-28 10:00:00,10708.572
2014-12-28 10:30:00,11772.512
2014-12-28 11:00:00,12717.609
2014-12-28 11:30:00,15405.769
2014-12-28 12:00:00,18697.752
2014-12-28 12:30:00,21166.258
2014-12-28 13:00:00,23430.098
2014-12-28 13:30:00,24301.078
2014-12-28 14:00:00,25004.945
2014-12-28 14:30:00,24789.793
2014-12-28 15:00:00,23621.41
2014-12-28 15:30:00,20625.594
2014-12-28 16:00:00,19028.889
2014-12-28 16:30:00,18172.418
2014-12-28 17:00:00,19766.322
2014-12-28 17:30:00,17080.459
2014-12-28 18:00:00,17569.41
2014-12-28 18:30:00,17513.123
2014-12-28 19:00:00,21079.879
2014-12-28 19:30:00,21673.484
2014-12-28 20:00:00,19959.668
2014-12-28 20:30:00,18789.97
2014-12-28 21:00:00,13148.775
2014-12-28 21:30:00,13871.094
2014-12-28 22:00:00,13952.608
2014-12-28 22:30:00,17083.994
2014-12-28 23:00:00,18993.729
2014-12-28 23:30:00,18174.492
2014-12-29 00:00:00,18062.84
2014-12-29 00:30:00,14187.492
2014-12-29 01:00:00,12657.086
2014-12-29 01:30:00,8446.014
2014-12-29 02:00:00,8593.846
2014-12-29 02:30:00,6697.8584
2014-12-29 03:00:00,6312.9775
2014-12-29 03:30:00,5420.962
2014-12-29 04:00:00,10705.383
2014-12-29 04:30:00,9163.419
2014-12-29 05:00:00,7919.991
2014-12-29 05:30:00,5423.2363
2014-12-29 06:00:00,7420.157
2014-12-29 06:30:00,6267.832
2014-12-29 07:00:00,12071.623
2014-12-29 07:30:00,15053.304
2014-12-29 08:00:00,18290.033
2014-12-29 08:30:00,16544.828
2014-12-29 09:00:00,17247.402
2014-12-29 09:30:00,16244.681
2014-12-29 10:00:00,16899.521
2014-12-29 10:30:00,16488.246
2014-12-29 11:00:00,14618.524
2014-12-29 11:30:00,18237.873
2014-12-29 12:00:00,17556.99
2014-12-29 12:30:00,20428.371
2014-12-29 13:00:00,21725.248
2014-12-29 13:30:00,21390.592
2014-12-29 14:00:00,21436.254
2014-12-29 14:30:00,21549.14
2014-12-29 15:00:00,22285.78
2014-12-29 15:30:00,19891.678
2014-12-29 16:00:00,19512.701
2014-12-29 16:30:00,18192.326
2014-12-29 17:00:00,16182.28
2014-12-29 17:30:00,16497.555
2014-12-29 18:00:00,16690.846
2014-12-29 18:30:00,17441.95
2014-12-29 19:00:00,21203.79
2014-12-29 19:30:00,17424.635
2014-12-29 20:00:00,16700.242
2014-12-29 20:30:00,15967.226
2014-12-29 21:00:00,15411.318
2014-12-29 21:30:00,17310.969
2014-12-29 22:00:00,16354.705
2014-12-29 22:30:00,18624.396
2014-12-29 23:00:00,19440.02
2014-12-29 23:30:00,19497.436
2014-12-30 00:00:00,18653.094
2014-12-30 00:30:00,16647.465
2014-12-30 01:00:00,12744.934
2014-12-30 01:30:00,5009.873
2014-12-30 02:00:00,4501.2275
2014-12-30 02:30:00,2684.2715
2014-12-30 03:00:00,619.9844
2014-12-30 03:30:00,1759.3213
2014-12-30 04:00:00,2323.4248
2014-12-30 04:30:00,3432.0078
2014-12-30 05:00:00,2713.0898
2014-12-30 05:30:00,2890.7363
2014-12-30 06:00:00,2155.4912
2014-12-30 06:30:00,4205.615
2014-12-30 07:00:00,6810.0107
2014-12-30 07:30:00,12544.297
2014-12-30 08:00:00,16963.07
2014-12-30 08:30:00,19422.559
2014-12-30 09:00:00,17207.66
2014-12-30 09:30:00,21251.621
2014-12-30 10:00:00,16114.84
2014-12-30 10:30:00,16252.447
2014-12-30 11:00:00,15677.042
2014-12-30 11:30:00,16700.104
2014-12-30 12:00:00,18290.324
2014-12-30 12:30:00,18775.191
2014-12-30 13:00:00,23479.148
2014-12-30 13:30:00,23863.996
2014-12-30 14:00:00,22131.44
2014-12-30 14:30:00,20466.453
2014-12-30 15:00:00,19545.043
2014-12-30 15:30:00,17405.387
2014-12-30 16:00:00,15851.422
2014-12-30 16:30:00,17297.5
2014-12-30 17:00:00,14967.207
2014-12-30 17:30:00,16138.38
2014-12-30 18:00:00,16447.748
2014-12-30 18:30:00,19556.578
2014-12-30 19:00:00,19952.395
2014-12-30 19:30:00,18896.56
2014-12-30 20:00:00,19291.248
2014-12-30 20:30:00,20062.65
2014-12-30 21:00:00,18446.98
2014-12-30 21:30:00,18897.102
2014-12-30 22:00:00,19562.426
2014-12-30 22:30:00,21727.723
2014-12-30 23:00:00,24239.844
2014-12-30 23:30:00,23460.408
2014-12-31 00:00:00,19790.797
2014-12-31 00:30:00,16735.904
2014-12-31 01:00:00,8968.686
2014-12-31 01:30:00,5203.5576
2014-12-31 02:00:00,2262.7676
2014-12-31 02:30:00,2822.5918
2014-12-31 03:00:00,1797.3945
2014-12-31 03:30:00,1531.9717
2014-12-31 04:00:00,217.59277
2014-12-31 04:30:00,4358.6035
2014-12-31 05:00:00,973.14746
2014-12-31 05:30:00,1006.0127
2014-12-31 06:00:00,104.4082
2014-12-31 06:30:00,2267.5752
2014-12-31 07:00:00,5606.51
2014-12-31 07:30:00,9303.2705
2014-12-31 08:00:00,14799.488
2014-12-31 08:30:00,17518.934
2014-12-31 09:00:00,19614.477
2014-12-31 09:30:00,17549.703
2014-12-31 10:00:00,15403.636
2014-12-31 10:30:00,15250.789
2014-12-31 11:00:00,13211.45
2014-12-31 11:30:00,13187.978
2014-12-31 12:00:00,13438.901
2014-12-31 12:30:00,18083.271
2014-12-31 13:00:00,20209.723
2014-12-31 13:30:00,20542.188
2014-12-31 14:00:00,18472.332
2014-12-31 14:30:00,19036.83
2014-12-31 15:00:00,20086.223
2014-12-31 15:30:00,18700.986
2014-12-31 16:00:00,18919.348
2014-12-31 16:30:00,17716.387
2014-12-31 17:00:00,17312.377
2014-12-31 17:30:00,19717.746
2014-12-31 18:00:00,20852.584
2014-12-31 18:30:00,21461.744
2014-12-31 19:00:00,24399.783
2014-12-31 19:30:00,21231.047
2014-12-31 20:00:00,20744.355
2014-12-31 20:30:00,19790.98
2014-12-31 21:00:00,19718.363
2014-12-31 21:30:00,21709.643
2014-12-31 22:00:00,21616.54
2014-12-31 22:30:00,21564.697
2014-12-31 23:00:00,23601.783
2014-12-31 23:30:00,20529.164
2015-01-01 00:00:00,17426.535
2015-01-01 00:30:00,13625.718
2015-01-01 01:00:00,11018.377
2015-01-01 01:30:00,5067.2344
2015-01-01 02:00:00,1208.002
2015-01-01 02:30:00,906.6914
2015-01-01 03:00:00,1636.9902
2015-01-01 03:30:00,2607.873
2015-01-01 04:00:00,5461.253
2015-01-01 04:30:00,3791.2383
2015-01-01 05:00:00,3381.665
2015-01-01 05:30:00,1292.9873
2015-01-01 06:00:00,4960.125
2015-01-01 06:30:00,5260.9434
2015-01-01 07:00:00,11389.35
2015-01-01 07:30:00,16447.02
2015-01-01 08:00:00,21366.742
2015-01-01 08:30:00,24312.906
2015-01-01 09:00:00,25310.352
2015-01-01 09:30:00,25208.195
2015-01-01 10:00:00,19201.129
2015-01-01 10:30:00,16346.505
2015-01-01 11:00:00,14057.905
2015-01-01 11:30:00,13937.696
2015-01-01 12:00:00,15621.338
2015-01-01 12:30:00,18066.963
2015-01-01 13:00:00,18857.137
2015-01-01 13:30:00,18834.283
2015-01-01 14:00:00,19098.057
2015-01-01 14:30:00,21562.838
2015-01-01 15:00:00,20440.795
2015-01-01 15:30:00,22213.57
2015-01-01 16:00:00,21912.057
2015-01-01 16:30:00,23214.762
2015-01-01 17:00:00,22857.252
2015-01-01 17:30:00,24681.527
2015-01-01 18:00:00,24454.96
2015-01-01 18:30:00,24627.83
2015-01-01 19:00:00,25453.715
2015-01-01 19:30:00,23666.338
2015-01-01 20:00:00,22103.988
2015-01-01 20:30:00,21955.29
2015-01-01 21:00:00,20700.957
2015-01-01 21:30:00,18632.635
2015-01-01 22:00:00,19314.68
2015-01-01 22:30:00,22513.232
2015-01-01 23:00:00,21749.049
2015-01-01 23:30:00,21404.266
2015-01-02 00:00:00,17115.98
2015-01-02 00:30:00,10164.481
2015-01-02 01:00:00,9099.817
2015-01-02 01:30:00,4180.2637
2015-01-02 02:00:00,3472.1602
2015-01-02 02:30:00,1100.3721
2015-01-02 03:00:00,3561.0928
2015-01-02 03:30:00,3197.588
2015-01-02 04:00:00,5343.122
2015-01-02 04:30:00,6453.866
2015-01-02 05:00:00,2872.3467
2015-01-02 05:30:00,5587.292
2015-01-02 06:00:00,4132.3916
2015-01-02 06:30:00,7415.6484
2015-01-02 07:00:00,11727.701
2015-01-02 07:30:00,14339.478
2015-01-02 08:00:00,21361.875
2015-01-02 08:30:00,23011.111
2015-01-02 09:00:00,23316.969
2015-01-02 09:30:00,23379.666
2015-01-02 10:00:00,18608.047
2015-01-02 10:30:00,16461.686
2015-01-02 11:00:00,12953.266
2015-01-02 11:30:00,14468.312
2015-01-02 12:00:00,15471.938
2015-01-02 12:30:00,16242.075
2015-01-02 13:00:00,18723.014
2015-01-02 13:30:00,19821.201
2015-01-02 14:00:00,20475.43
2015-01-02 14:30:00,21979.734
2015-01-02 15:00:00,21148.693
2015-01-02 15:30:00,20340.547
2015-01-02 16:00:00,19809.975
2015-01-02 16:30:00,19870.305
2015-01-02 17:00:00,20532.406
2015-01-02 17:30:00,21999.57
2015-01-02 18:00:00,23451.547
2015-01-02 18:30:00,22947.264
2015-01-02 19:00:00,26277.297
2015-01-02 19:30:00,23335.703
2015-01-02 20:00:00,24224.328
2015-01-02 20:30:00,19969.793
2015-01-02 21:00:00,21385.605
2015-01-02 21:30:00,20258.96
2015-01-02 22:00:00,21472.668
2015-01-02 22:30:00,24245.125
2015-01-02 23:00:00,27080.234
2015-01-02 23:30:00,27365.258
2015-01-03 00:00:00,26058.113
2015-01-03 00:30:00,20339.625
2015-01-03 01:00:00,15657.251
2015-01-03 01:30:00,14208.686
2015-01-03 02:00:00,9231.174
2015-01-03 02:30:00,11032.219
2015-01-03 03:00:00,11712.355
2015-01-03 03:30:00,10763.338
2015-01-03 04:00:00,11916.743
2015-01-03 04:30:00,10646.87
2015-01-03 05:00:00,6056.1143
2015-01-03 05:30:00,6449.212
2015-01-03 06:00:00,7291.7715
2015-01-03 06:30:00,8628.094
2015-01-03 07:00:00,8005.9575
2015-01-03 07:30:00,11530.747
2015-01-03 08:00:00,15495.558
2015-01-03 08:30:00,18643.084
2015-01-03 09:00:00,18651.795
2015-01-03 09:30:00,18580.498
2015-01-03 10:00:00,16354.07
2015-01-03 10:30:00,14475.779
2015-01-03 11:00:00,13184.853
2015-01-03 11:30:00,15401.151
2015-01-03 12:00:00,17216.95
2015-01-03 12:30:00,17700.23
2015-01-03 13:00:00,19637.0
2015-01-03 13:30:00,19678.174
2015-01-03 14:00:00,20468.8
2015-01-03 14:30:00,22046.885
2015-01-03 15:00:00,20997.125
2015-01-03 15:30:00,17930.867
2015-01-03 16:00:00,17735.074
2015-01-03 16:30:00,16020.638
2015-01-03 17:00:00,17072.855
2015-01-03 17:30:00,20015.645
2015-01-03 18:00:00,22874.623
2015-01-03 18:30:00,21794.02
2015-01-03 19:00:00,26787.55
2015-01-03 19:30:00,24962.402
2015-01-03 20:00:00,22380.064
2015-01-03 20:30:00,22285.043
2015-01-03 21:00:00,18553.654
2015-01-03 21:30:00,17630.9
2015-01-03 22:00:00,19213.477
2015-01-03 22:30:00,21012.938
2015-01-03 23:00:00,23544.133
2015-01-03 23:30:00,24828.07
2015-01-04 00:00:00,21464.621
2015-01-04 00:30:00,15829.3545
2015-01-04 01:00:00,16723.77
2015-01-04 01:30:00,13620.21
2015-01-04 02:00:00,13604.826
2015-01-04 02:30:00,11613.404
2015-01-04 03:00:00,13349.639
2015-01-04 03:30:00,10644.357
2015-01-04 04:00:00,12045.761
2015-01-04 04:30:00,13857.153
2015-01-04 05:00:00,8277.744
2015-01-04 05:30:00,6606.6143
2015-01-04 06:00:00,4535.785
2015-01-04 06:30:00,5800.586
2015-01-04 07:00:00,9428.422
2015-01-04 07:30:00,11342.916
2015-01-04 08:00:00,12658.008
2015-01-04 08:30:00,12537.633
2015-01-04 09:00:00,13536.409
2015-01-04 09:30:00,13645.271
2015-01-04 10:00:00,10920.211
2015-01-04 10:30:00,12882.686
2015-01-04 11:00:00,14468.489
2015-01-04 11:30:00,16117.162
2015-01-04 12:00:00,18668.299
2015-01-04 12:30:00,23268.861
2015-01-04 13:00:00,23526.832
2015-01-04 13:30:00,25146.867
2015-01-04 14:00:00,25331.172
2015-01-04 14:30:00,24669.195
2015-01-04 15:00:00,23726.73
2015-01-04 15:30:00,21791.63
2015-01-04 16:00:00,19608.748
2015-01-04 16:30:00,19122.025
2015-01-04 17:00:00,15980.147
2015-01-04 17:30:00,19076.793
2015-01-04 18:00:00,18352.352
2015-01-04 18:30:00,19598.678
2015-01-04 19:00:00,22806.713
2015-01-04 19:30:00,23250.525
2015-01-04 20:00:00,22117.902
2015-01-04 20:30:00,19903.28
2015-01-04 21:00:00,16839.965
2015-01-04 21:30:00,14469.839
2015-01-04 22:00:00,15347.607
2015-01-04 22:30:00,18128.486
2015-01-04 23:00:00,17583.62
2015-01-04 23:30:00,20926.674
2015-01-05 00:00:00,17316.688
2015-01-05 00:30:00,14131.794
2015-01-05 01:00:00,12581.115
2015-01-05 01:30:00,9728.488
2015-01-05 02:00:00,9078.977
2015-01-05 02:30:00,7739.0933
2015-01-05 03:00:00,8933.594
2015-01-05 03:30:00,7187.3184
2015-01-05 04:00:00,9863.973
2015-01-05 04:30:00,11821.736
2015-01-05 05:00:00,8823.701
2015-01-05 05:30:00,8740.219
2015-01-05 06:00:00,6313.67
2015-01-05 06:30:00,7058.3438
2015-01-05 07:00:00,11587.769
2015-01-05 07:30:00,16081.289
2015-01-05 08:00:00,18513.16
2015-01-05 08:30:00,20012.98
2015-01-05 09:00:00,19561.469
2015-01-05 09:30:00,19137.627
2015-01-05 10:00:00,18478.84
2015-01-05 10:30:00,17301.953
2015-01-05 11:00:00,16674.688
2015-01-05 11:30:00,18479.0
2015-01-05 12:00:00,20643.809
2015-01-05 12:30:00,21725.574
2015-01-05 13:00:00,24423.125
2015-01-05 13:30:00,22217.168
2015-01-05 14:00:00,21748.318
2015-01-05 14:30:00,22698.262
2015-01-05 15:00:00,22937.938
2015-01-05 15:30:00,19585.668
2015-01-05 16:00:00,18411.13
2015-01-05 16:30:00,17952.418
2015-01-05 17:00:00,19562.04
2015-01-05 17:30:00,17747.389
2015-01-05 18:00:00,18415.316
2015-01-05 18:30:00,19383.355
2015-01-05 19:00:00,18933.584
2015-01-05 19:30:00,19154.205
2015-01-05 20:00:00,16861.646
2015-01-05 20:30:00,17540.506
2015-01-05 21:00:00,15710.902
2015-01-05 21:30:00,16270.683
2015-01-05 22:00:00,17245.691
2015-01-05 22:30:00,17770.932
2015-01-05 23:00:00,20134.395
2015-01-05 23:30:00,19655.549
2015-01-06 00:00:00,20115.56
2015-01-06 00:30:00,13658.47
2015-01-06 01:00:00,12283.104
2015-01-06 01:30:00,5957.467
2015-01-06 02:00:00,3058.0264
2015-01-06 02:30:00,3458.0156
2015-01-06 03:00:00,3306.664
2015-01-06 03:30:00,4200.037
2015-01-06 04:00:00,4460.127
2015-01-06 04:30:00,5068.409
2015-01-06 05:00:00,3788.2969
2015-01-06 05:30:00,4171.699
2015-01-06 06:00:00,2572.5264
2015-01-06 06:30:00,3350.291
2015-01-06 07:00:00,9567.441
2015-01-06 07:30:00,12365.779
2015-01-06 08:00:00,18107.53
2015-01-06 08:30:00,19658.754
2015-01-06 09:00:00,21439.781
2015-01-06 09:30:00,21419.262
2015-01-06 10:00:00,19093.977
2015-01-06 10:30:00,18436.58
2015-01-06 11:00:00,15917.412
2015-01-06 11:30:00,16231.812
2015-01-06 12:00:00,17992.49
2015-01-06 12:30:00,20495.3
2015-01-06 13:00:00,22701.568
2015-01-06 13:30:00,22201.07
2015-01-06 14:00:00,19437.021
2015-01-06 14:30:00,20134.371
2015-01-06 15:00:00,19736.117
2015-01-06 15:30:00,18506.258
2015-01-06 16:00:00,16113.444
2015-01-06 16:30:00,17612.375
2015-01-06 17:00:00,16458.035
2015-01-06 17:30:00,19082.695
2015-01-06 18:00:00,18316.545
2015-01-06 18:30:00,18676.55
2015-01-06 19:00:00,20194.043
2015-01-06 19:30:00,19078.328
2015-01-06 20:00:00,19642.504
2015-01-06 20:30:00,16759.148
2015-01-06 21:00:00,17819.938
2015-01-06 21:30:00,16317.973
2015-01-06 22:00:00,19329.04
2015-01-06 22:30:00,21587.729
2015-01-06 23:00:00,23932.422
2015-01-06 23:30:00,25055.79
2015-01-07 00:00:00,20290.488
2015-01-07 00:30:00,16198.011
2015-01-07 01:00:00,12975.387
2015-01-07 01:30:00,6844.826
2015-01-07 02:00:00,4896.159
2015-01-07 02:30:00,2215.5078
2015-01-07 03:00:00,1610.3223
2015-01-07 03:30:00,2802.0469
2015-01-07 04:00:00,5083.367
2015-01-07 04:30:00,3973.1152
2015-01-07 05:00:00,3065.711
2015-01-07 05:30:00,719.5967
2015-01-07 06:00:00,2546.9238
2015-01-07 06:30:00,3156.9443
2015-01-07 07:00:00,7173.6055
2015-01-07 07:30:00,11847.585
2015-01-07 08:00:00,17446.54
2015-01-07 08:30:00,21341.23
2015-01-07 09:00:00,20039.0
2015-01-07 09:30:00,20623.146
2015-01-07 10:00:00,17915.5
2015-01-07 10:30:00,15227.793
2015-01-07 11:00:00,13485.087
2015-01-07 11:30:00,14637.2
2015-01-07 12:00:00,13963.387
2015-01-07 12:30:00,15041.066
2015-01-07 13:00:00,17933.074
2015-01-07 13:30:00,18763.186
2015-01-07 14:00:00,19230.295
2015-01-07 14:30:00,21406.088
2015-01-07 15:00:00,20904.385
2015-01-07 15:30:00,20202.05
2015-01-07 16:00:00,19002.201
2015-01-07 16:30:00,19140.828
2015-01-07 17:00:00,18400.127
2015-01-07 17:30:00,22626.043
2015-01-07 18:00:00,21441.695
2015-01-07 18:30:00,21968.91
2015-01-07 19:00:00,24492.492
2015-01-07 19:30:00,23140.824
2015-01-07 20:00:00,21921.746
2015-01-07 20:30:00,21393.066
2015-01-07 21:00:00,21829.875
2015-01-07 21:30:00,22136.299
2015-01-07 22:00:00,22476.578
2015-01-07 22:30:00,24064.074
2015-01-07 23:00:00,26559.46
2015-01-07 23:30:00,23465.012
2015-01-08 00:00:00,19014.404
2015-01-08 00:30:00,13233.498
2015-01-08 01:00:00,9798.598
2015-01-08 01:30:00,5248.08
2015-01-08 02:00:00,5210.4453
2015-01-08 02:30:00,-651.00195
2015-01-08 03:00:00,-863.1836
2015-01-08 03:30:00,1738.7471
2015-01-08 04:00:00,5112.5645
2015-01-08 04:30:00,5000.073
2015-01-08 05:00:00,1700.4043
2015-01-08 05:30:00,2283.7754
2015-01-08 06:00:00,2718.5117
2015-01-08 06:30:00,3765.5625
2015-01-08 07:00:00,8098.5693
2015-01-08 07:30:00,13412.685
2015-01-08 08:00:00,21451.598
2015-01-08 08:30:00,23429.098
2015-01-08 09:00:00,25638.906
2015-01-08 09:30:00,22382.988
2015-01-08 10:00:00,23069.562
2015-01-08 10:30:00,18175.967
2015-01-08 11:00:00,15957.281
2015-01-08 11:30:00,14522.364
2015-01-08 12:00:00,17476.688
2015-01-08 12:30:00,17975.562
2015-01-08 13:00:00,17927.79
2015-01-08 13:30:00,19484.3
2015-01-08 14:00:00,18556.879
2015-01-08 14:30:00,19522.484
2015-01-08 15:00:00,21515.957
2015-01-08 15:30:00,22180.229
2015-01-08 16:00:00,23271.691
2015-01-08 16:30:00,21317.883
2015-01-08 17:00:00,20857.332
2015-01-08 17:30:00,24601.234
2015-01-08 18:00:00,26329.637
2015-01-08 18:30:00,26224.414
2015-01-08 19:00:00,28689.996
2015-01-08 19:30:00,26312.418
2015-01-08 20:00:00,24891.684
2015-01-08 20:30:00,22924.875
2015-01-08 21:00:00,21261.246
2015-01-08 21:30:00,17997.86
2015-01-08 22:00:00,18685.92
2015-01-08 22:30:00,21591.078
2015-01-08 23:00:00,20350.607
2015-01-08 23:30:00,19783.387
2015-01-09 00:00:00,17384.678
2015-01-09 00:30:00,11228.227
2015-01-09 01:00:00,8357.309
2015-01-09 01:30:00,4958.467
2015-01-09 02:00:00,2377.6426
2015-01-09 02:30:00,619.6553
2015-01-09 03:00:00,3120.7412
2015-01-09 03:30:00,1123.8125
2015-01-09 04:00:00,6072.01
2015-01-09 04:30:00,6111.8184
2015-01-09 05:00:00,4596.9297
2015-01-09 05:30:00,4459.416
2015-01-09 06:00:00,5578.549
2015-01-09 06:30:00,6234.675
2015-01-09 07:00:00,10526.584
2015-01-09 07:30:00,13011.801
2015-01-09 08:00:00,18228.352
2015-01-09 08:30:00,22403.516
2015-01-09 09:00:00,23145.402
2015-01-09 09:30:00,20223.006
2015-01-09 10:00:00,19960.836
2015-01-09 10:30:00,18517.592
2015-01-09 11:00:00,12846.287
2015-01-09 11:30:00,13766.344
2015-01-09 12:00:00,13383.415
2015-01-09 12:30:00,14850.563
2015-01-09 13:00:00,15104.595
2015-01-09 13:30:00,17070.545
2015-01-09 14:00:00,17639.709
2015-01-09 14:30:00,18249.111
2015-01-09 15:00:00,18278.709
2015-01-09 15:30:00,17347.262
2015-01-09 16:00:00,15532.581
2015-01-09 16:30:00,18580.695
2015-01-09 17:00:00,17377.723
2015-01-09 17:30:00,20673.883
2015-01-09 18:00:00,21354.354
2015-01-09 18:30:00,21578.746
2015-01-09 19:00:00,27553.168
2015-01-09 19:30:00,23930.363
2015-01-09 20:00:00,25432.602
2015-01-09 20:30:00,24135.64
2015-01-09 21:00:00,22120.926
2015-01-09 21:30:00,20347.006
2015-01-09 22:00:00,20279.691
2015-01-09 22:30:00,22250.195
2015-01-09 23:00:00,23460.605
2015-01-09 23:30:00,23267.594
2015-01-10 00:00:00,22429.05
2015-01-10 00:30:00,18295.43
2015-01-10 01:00:00,12381.596
2015-01-10 01:30:00,12794.519
2015-01-10 02:00:00,9297.148
2015-01-10 02:30:00,8898.944
2015-01-10 03:00:00,10124.3125
2015-01-10 03:30:00,10817.788
2015-01-10 04:00:00,12075.021
2015-01-10 04:30:00,10162.023
2015-01-10 05:00:00,9994.215
2015-01-10 05:30:00,9839.439
2015-01-10 06:00:00,7742.006
2015-01-10 06:30:00,7543.842
2015-01-10 07:00:00,10997.365
2015-01-10 07:30:00,12069.481
2015-01-10 08:00:00,14964.099
2015-01-10 08:30:00,17400.959
2015-01-10 09:00:00,18375.42
2015-01-10 09:30:00,16407.979
2015-01-10 10:00:00,16712.627
2015-01-10 10:30:00,14138.953
2015-01-10 11:00:00,13383.752
2015-01-10 11:30:00,16611.695
2015-01-10 12:00:00,16086.994
2015-01-10 12:30:00,17048.018
2015-01-10 13:00:00,17954.727
2015-01-10 13:30:00,17688.426
2015-01-10 14:00:00,19541.664
2015-01-10 14:30:00,18283.98
2015-01-10 15:00:00,16697.834
2015-01-10 15:30:00,14942.93
2015-01-10 16:00:00,14047.037
2015-01-10 16:30:00,16101.948
2015-01-10 17:00:00,14803.8545
2015-01-10 17:30:00,17642.133
2015-01-10 18:00:00,20480.092
2015-01-10 18:30:00,19996.26
2015-01-10 19:00:00,23411.412
2015-01-10 19:30:00,24683.441
2015-01-10 20:00:00,23981.633
2015-01-10 20:30:00,20814.754
2015-01-10 21:00:00,18350.555
2015-01-10 21:30:00,15773.41
2015-01-10 22:00:00,14683.552
2015-01-10 22:30:00,17659.525
2015-01-10 23:00:00,19300.94
2015-01-10 23:30:00,20986.545
2015-01-11 00:00:00,18880.174
2015-01-11 00:30:00,16545.168
2015-01-11 01:00:00,14379.903
2015-01-11 01:30:00,12513.911
2015-01-11 02:00:00,13146.853
2015-01-11 02:30:00,10293.529
2015-01-11 03:00:00,11750.252
2015-01-11 03:30:00,8071.189
2015-01-11 04:00:00,12164.98
2015-01-11 04:30:00,11320.996
2015-01-11 05:00:00,6658.0527
2015-01-11 05:30:00,2091.2266
2015-01-11 06:00:00,3430.9648
2015-01-11 06:30:00,3444.3438
2015-01-11 07:00:00,6259.218
2015-01-11 07:30:00,8981.422
2015-01-11 08:00:00,10457.916
2015-01-11 08:30:00,11702.423
2015-01-11 09:00:00,10217.664
2015-01-11 09:30:00,11390.248
2015-01-11 10:00:00,11309.496
2015-01-11 10:30:00,11538.271
2015-01-11 11:00:00,11837.52
2015-01-11 11:30:00,12420.383
2015-01-11 12:00:00,18375.838
2015-01-11 12:30:00,21096.41
2015-01-11 13:00:00,23062.363
2015-01-11 13:30:00,22764.55
2015-01-11 14:00:00,24451.418
2015-01-11 14:30:00,23914.914
2015-01-11 15:00:00,21711.234
2015-01-11 15:30:00,16923.305
2015-01-11 16:00:00,17914.75
2015-01-11 16:30:00,16460.213
2015-01-11 17:00:00,18022.432
2015-01-11 17:30:00,19970.062
2015-01-11 18:00:00,19059.303
2015-01-11 18:30:00,19397.266
2015-01-11 19:00:00,22856.465
2015-01-11 19:30:00,22190.422
2015-01-11 20:00:00,19951.69
2015-01-11 20:30:00,18932.232
2015-01-11 21:00:00,13710.063
2015-01-11 21:30:00,13587.628
2015-01-11 22:00:00,11474.721
2015-01-11 22:30:00,15899.638
2015-01-11 23:00:00,15263.869
2015-01-11 23:30:00,14098.524
2015-01-12 00:00:00,14374.993
2015-01-12 00:30:00,11188.26
2015-01-12 01:00:00,10747.512
2015-01-12 01:30:00,7092.6816
2015-01-12 02:00:00,8859.649
2015-01-12 02:30:00,6274.3057
2015-01-12 03:00:00,8735.666
2015-01-12 03:30:00,6526.826
2015-01-12 04:00:00,8201.996
2015-01-12 04:30:00,11472.319
2015-01-12 05:00:00,9611.176
2015-01-12 05:30:00,8596.382
2015-01-12 06:00:00,6055.3115
2015-01-12 06:30:00,6993.218
2015-01-12 07:00:00,9947.269
2015-01-12 07:30:00,13882.595
2015-01-12 08:00:00,14560.665
2015-01-12 08:30:00,17988.283
2015-01-12 09:00:00,15755.558
2015-01-12 09:30:00,15679.281
2015-01-12 10:00:00,15213.947
2015-01-12 10:30:00,14098.326
2015-01-12 11:00:00,14738.055
2015-01-12 11:30:00,15891.257
2015-01-12 12:00:00,19320.305
2015-01-12 12:30:00,20261.602
2015-01-12 13:00:00,20928.174
2015-01-12 13:30:00,20977.172
2015-01-12 14:00:00,22109.318
2015-01-12 14:30:00,19002.127
2015-01-12 15:00:00,22007.877
2015-01-12 15:30:00,17973.473
2015-01-12 16:00:00,13242.963
2015-01-12 16:30:00,15282.36
2015-01-12 17:00:00,15889.477
2015-01-12 17:30:00,16438.213
2015-01-12 18:00:00,14445.24
2015-01-12 18:30:00,17727.49
2015-01-12 19:00:00,17906.73
2015-01-12 19:30:00,20437.42
2015-01-12 20:00:00,17134.441
2015-01-12 20:30:00,15539.391
2015-01-12 21:00:00,15335.212
2015-01-12 21:30:00,14949.071
2015-01-12 22:00:00,14655.415
2015-01-12 22:30:00,19513.422
2015-01-12 23:00:00,19078.57
2015-01-12 23:30:00,17982.875
2015-01-13 00:00:00,17461.023
2015-01-13 00:30:00,13378.936
2015-01-13 01:00:00,6849.2246
2015-01-13 01:30:00,3800.998
2015-01-13 02:00:00,3027.039
2015-01-13 02:30:00,1519.8525
2015-01-13 03:00:00,1844.8906
2015-01-13 03:30:00,2459.1445
2015-01-13 04:00:00,1448.3525
2015-01-13 04:30:00,5283.4346
2015-01-13 05:00:00,2957.0527
2015-01-13 05:30:00,2402.8496
2015-01-13 06:00:00,3341.0068
2015-01-13 06:30:00,3100.5059
2015-01-13 07:00:00,9508.158
2015-01-13 07:30:00,9429.46
2015-01-13 08:00:00,15394.871
2015-01-13 08:30:00,19889.912
2015-01-13 09:00:00,20329.02
2015-01-13 09:30:00,20733.041
2015-01-13 10:00:00,18774.455
2015-01-13 10:30:00,15066.575
2015-01-13 11:00:00,14954.799
2015-01-13 11:30:00,12721.398
2015-01-13 12:00:00,17553.998
2015-01-13 12:30:00,18122.922
2015-01-13 13:00:00,19286.86
2015-01-13 13:30:00,19309.23
2015-01-13 14:00:00,18944.074
2015-01-13 14:30:00,17729.791
2015-01-13 15:00:00,17751.215
2015-01-13 15:30:00,14999.919
2015-01-13 16:00:00,12456.295
2015-01-13 16:30:00,15755.261
2015-01-13 17:00:00,15736.222
2015-01-13 17:30:00,15580.069
2015-01-13 18:00:00,18594.922
2015-01-13 18:30:00,18152.115
2015-01-13 19:00:00,21125.719
2015-01-13 19:30:00,19846.188
2015-01-13 20:00:00,18193.547
2015-01-13 20:30:00,18132.037
2015-01-13 21:00:00,19184.328
2015-01-13 21:30:00,16787.682
2015-01-13 22:00:00,18068.559
2015-01-13 22:30:00,21620.016
2015-01-13 23:00:00,20769.727
2015-01-13 23:30:00,22008.148
2015-01-14 00:00:00,18634.531
2015-01-14 00:30:00,16350.447
2015-01-14 01:00:00,12947.277
2015-01-14 01:30:00,5902.0254
2015-01-14 02:00:00,4407.9434
2015-01-14 02:30:00,1994.3652
2015-01-14 03:00:00,638.4883
2015-01-14 03:30:00,1572.8027
2015-01-14 04:00:00,751.5537
2015-01-14 04:30:00,2989.1904
2015-01-14 05:00:00,2041.4727
2015-01-14 05:30:00,-62.680664
2015-01-14 06:00:00,595.5029
2015-01-14 06:30:00,1048.3896
2015-01-14 07:00:00,3379.7412
2015-01-14 07:30:00,6934.618
2015-01-14 08:00:00,14132.745
2015-01-14 08:30:00,15282.308
2015-01-14 09:00:00,18191.031
2015-01-14 09:30:00,17508.775
2015-01-14 10:00:00,16495.275
2015-01-14 10:30:00,13325.689
2015-01-14 11:00:00,12832.678
2015-01-14 11:30:00,10702.115
2015-01-14 12:00:00,13314.251
2015-01-14 12:30:00,13421.137
2015-01-14 13:00:00,16872.166
2015-01-14 13:30:00,15976.765
2015-01-14 14:00:00,15455.181
2015-01-14 14:30:00,18361.787
2015-01-14 15:00:00,17754.268
2015-01-14 15:30:00,17419.77
2015-01-14 16:00:00,16602.371
2015-01-14 16:30:00,17506.848
2015-01-14 17:00:00,17177.453
2015-01-14 17:30:00,18071.842
2015-01-14 18:00:00,20419.973
2015-01-14 18:30:00,20908.328
2015-01-14 19:00:00,24358.293
2015-01-14 19:30:00,21353.338
2015-01-14 20:00:00,25868.46
2015-01-14 20:30:00,23520.637
2015-01-14 21:00:00,22025.02
2015-01-14 21:30:00,20481.902
2015-01-14 22:00:00,20629.15
2015-01-14 22:30:00,21744.582
2015-01-14 23:00:00,21747.812
2015-01-14 23:30:00,20190.924
2015-01-15 00:00:00,14845.454
2015-01-15 00:30:00,10272.277
2015-01-15 01:00:00,7321.9404
2015-01-15 01:30:00,3429.2432
2015-01-15 02:00:00,-51.999023
2015-01-15 02:30:00,-444.4297
2015-01-15 03:00:00,2225.4473
2015-01-15 03:30:00,992.83984
2015-01-15 04:00:00,1882.3926
2015-01-15 04:30:00,805.77734
2015-01-15 05:00:00,5147.884
2015-01-15 05:30:00,3917.249
2015-01-15 06:00:00,4113.963
2015-01-15 06:30:00,4687.8975
2015-01-15 07:00:00,6551.2725
2015-01-15 07:30:00,11872.564
2015-01-15 08:00:00,17309.89
2015-01-15 08:30:00,21140.117
2015-01-15 09:00:00,21884.541
2015-01-15 09:30:00,21171.816
2015-01-15 10:00:00,20016.754
2015-01-15 10:30:00,17721.35
2015-01-15 11:00:00,15572.62
2015-01-15 11:30:00,14340.905
2015-01-15 12:00:00,16254.436
2015-01-15 12:30:00,14331.861
2015-01-15 13:00:00,17237.852
2015-01-15 13:30:00,17676.152
2015-01-15 14:00:00,17510.643
2015-01-15 14:30:00,18123.336
2015-01-15 15:00:00,14667.59
2015-01-15 15:30:00,17451.055
2015-01-15 16:00:00,17735.703
2015-01-15 16:30:00,17708.238
2015-01-15 17:00:00,19255.938
2015-01-15 17:30:00,21443.203
2015-01-15 18:00:00,23388.496
2015-01-15 18:30:00,25505.5
2015-01-15 19:00:00,28116.094
2015-01-15 19:30:00,25235.422
2015-01-15 20:00:00,26188.621
2015-01-15 20:30:00,22097.406
2015-01-15 21:00:00,25445.766
2015-01-15 21:30:00,19006.154
2015-01-15 22:00:00,18361.004
2015-01-15 22:30:00,18647.943
2015-01-15 23:00:00,17442.543
2015-01-15 23:30:00,17858.795
2015-01-16 00:00:00,13190.135
2015-01-16 00:30:00,9630.383
2015-01-16 01:00:00,6312.826
2015-01-16 01:30:00,3905.4297
2015-01-16 02:00:00,2099.4502
2015-01-16 02:30:00,1552.0322
2015-01-16 03:00:00,3154.1895
2015-01-16 03:30:00,3523.087
2015-01-16 04:00:00,5840.8984
2015-01-16 04:30:00,7333.0415
2015-01-16 05:00:00,6933.799
2015-01-16 05:30:00,5324.6836
2015-01-16 06:00:00,5776.873
2015-01-16 06:30:00,8474.361
2015-01-16 07:00:00,12651.995
2015-01-16 07:30:00,16869.871
2015-01-16 08:00:00,19068.516
2015-01-16 08:30:00,21216.893
2015-01-16 09:00:00,22027.568
2015-01-16 09:30:00,22962.264
2015-01-16 10:00:00,20938.732
2015-01-16 10:30:00,16830.652
2015-01-16 11:00:00,16490.77
2015-01-16 11:30:00,15875.604
2015-01-16 12:00:00,15451.769
2015-01-16 12:30:00,16767.701
2015-01-16 13:00:00,15068.045
2015-01-16 13:30:00,17491.002
2015-01-16 14:00:00,19008.283
2015-01-16 14:30:00,17769.762
2015-01-16 15:00:00,17250.184
2015-01-16 15:30:00,17729.643
2015-01-16 16:00:00,17443.504
2015-01-16 16:30:00,18911.598
2015-01-16 17:00:00,18859.979
2015-01-16 17:30:00,18478.436
2015-01-16 18:00:00,21256.426
2015-01-16 18:30:00,23262.342
2015-01-16 19:00:00,26814.77
2015-01-16 19:30:00,26549.93
2015-01-16 20:00:00,25667.643
2015-01-16 20:30:00,23232.89
2015-01-16 21:00:00,24420.79
2015-01-16 21:30:00,21236.8
2015-01-16 22:00:00,21691.98
2015-01-16 22:30:00,23005.523
2015-01-16 23:00:00,20963.035
2015-01-16 23:30:00,23386.062
2015-01-17 00:00:00,19958.371
2015-01-17 00:30:00,16146.005
2015-01-17 01:00:00,12559.442
2015-01-17 01:30:00,10839.303
2015-01-17 02:00:00,11375.863
2015-01-17 02:30:00,11105.788
2015-01-17 03:00:00,10420.773
2015-01-17 03:30:00,9716.682
2015-01-17 04:00:00,10647.863
2015-01-17 04:30:00,12228.937
2015-01-17 05:00:00,9216.913
2015-01-17 05:30:00,7205.697
2015-01-17 06:00:00,6446.21
2015-01-17 06:30:00,8559.93
2015-01-17 07:00:00,11697.886
2015-01-17 07:30:00,14034.75
2015-01-17 08:00:00,16586.023
2015-01-17 08:30:00,17816.96
2015-01-17 09:00:00,17793.2
2015-01-17 09:30:00,18495.797
2015-01-17 10:00:00,20048.49
2015-01-17 10:30:00,18460.877
2015-01-17 11:00:00,15180.992
2015-01-17 11:30:00,17415.312
2015-01-17 12:00:00,18062.143
2015-01-17 12:30:00,21016.18
2015-01-17 13:00:00,20317.555
2015-01-17 13:30:00,19730.871
2015-01-17 14:00:00,21420.594
2015-01-17 14:30:00,20325.84
2015-01-17 15:00:00,19256.246
2015-01-17 15:30:00,16669.525
2015-01-17 16:00:00,17296.133
2015-01-17 16:30:00,15743.161
2015-01-17 17:00:00,16746.676
2015-01-17 17:30:00,19245.26
2015-01-17 18:00:00,22618.346
2015-01-17 18:30:00,23084.674
2015-01-17 19:00:00,26048.576
2015-01-17 19:30:00,27774.021
2015-01-17 20:00:00,26826.75
2015-01-17 20:30:00,25377.379
2015-01-17 21:00:00,21592.973
2015-01-17 21:30:00,18524.71
2015-01-17 22:00:00,18778.04
2015-01-17 22:30:00,19313.646
2015-01-17 23:00:00,20808.08
2015-01-17 23:30:00,21043.596
2015-01-18 00:00:00,18588.953
2015-01-18 00:30:00,15668.217
2015-01-18 01:00:00,12341.941
2015-01-18 01:30:00,9607.596
2015-01-18 02:00:00,11700.815
2015-01-18 02:30:00,12732.051
2015-01-18 03:00:00,10476.323
2015-01-18 03:30:00,10193.963
2015-01-18 04:00:00,10092.704
2015-01-18 04:30:00,6929.004
2015-01-18 05:00:00,6071.753
2015-01-18 05:30:00,4368.8174
2015-01-18 06:00:00,1745.3252
2015-01-18 06:30:00,644.75195
2015-01-18 07:00:00,7504.303
2015-01-18 07:30:00,8167.181
2015-01-18 08:00:00,9195.652
2015-01-18 08:30:00,11596.707
2015-01-18 09:00:00,8763.361
2015-01-18 09:30:00,11433.315
2015-01-18 10:00:00,11691.461
2015-01-18 10:30:00,14157.927
2015-01-18 11:00:00,13124.102
2015-01-18 11:30:00,13665.1455
2015-01-18 12:00:00,18210.287
2015-01-18 12:30:00,18472.543
2015-01-18 13:00:00,23135.44
2015-01-18 13:30:00,20759.695
2015-01-18 14:00:00,21040.18
2015-01-18 14:30:00,21224.168
2015-01-18 15:00:00,19945.86
2015-01-18 15:30:00,16121.579
2015-01-18 16:00:00,17069.445
2015-01-18 16:30:00,17417.994
2015-01-18 17:00:00,16369.436
2015-01-18 17:30:00,18037.906
2015-01-18 18:00:00,20120.822
2015-01-18 18:30:00,20423.025
2015-01-18 19:00:00,24863.55
2015-01-18 19:30:00,25070.64
2015-01-18 20:00:00,21661.836
2015-01-18 20:30:00,16659.6
2015-01-18 21:00:00,16098.972
2015-01-18 21:30:00,13831.543
2015-01-18 22:00:00,12238.779
2015-01-18 22:30:00,15713.925
2015-01-18 23:00:00,16186.663
2015-01-18 23:30:00,14928.754
2015-01-19 00:00:00,14566.832
2015-01-19 00:30:00,12608.163
2015-01-19 01:00:00,13082.023
2015-01-19 01:30:00,10282.12
2015-01-19 02:00:00,10515.393
2015-01-19 02:30:00,11211.217
2015-01-19 03:00:00,10860.75
2015-01-19 03:30:00,10441.611
2015-01-19 04:00:00,10890.12
2015-01-19 04:30:00,10344.32
2015-01-19 05:00:00,8036.967
2015-01-19 05:30:00,8843.533
2015-01-19 06:00:00,6441.744
2015-01-19 06:30:00,7886.5576
2015-01-19 07:00:00,12498.551
2015-01-19 07:30:00,16570.35
2015-01-19 08:00:00,17995.787
2015-01-19 08:30:00,18276.992
2015-01-19 09:00:00,19073.652
2015-01-19 09:30:00,17739.11
2015-01-19 10:00:00,15636.279
2015-01-19 10:30:00,15478.921
2015-01-19 11:00:00,16104.76
2015-01-19 11:30:00,15568.224
2015-01-19 12:00:00,17818.48
2015-01-19 12:30:00,19410.906
2015-01-19 13:00:00,21037.287
2015-01-19 13:30:00,19926.928
2015-01-19 14:00:00,22352.998
2015-01-19 14:30:00,17956.375
2015-01-19 15:00:00,19579.049
2015-01-19 15:30:00,17771.512
2015-01-19 16:00:00,19327.33
2015-01-19 16:30:00,15420.53
2015-01-19 17:00:00,17571.08
2015-01-19 17:30:00,20253.535
2015-01-19 18:00:00,19990.043
2015-01-19 18:30:00,23132.473
2015-01-19 19:00:00,22863.066
2015-01-19 19:30:00,23771.717
2015-01-19 20:00:00,20172.059
2015-01-19 20:30:00,18712.438
2015-01-19 21:00:00,16530.244
2015-01-19 21:30:00,16596.805
2015-01-19 22:00:00,17609.51
2015-01-19 22:30:00,17998.213
2015-01-19 23:00:00,20680.664
2015-01-19 23:30:00,20917.416
2015-01-20 00:00:00,17894.377
2015-01-20 00:30:00,15044.285
2015-01-20 01:00:00,9224.265
2015-01-20 01:30:00,6875.9395
2015-01-20 02:00:00,7243.161
2015-01-20 02:30:00,4040.5479
2015-01-20 03:00:00,4844.3115
2015-01-20 03:30:00,3412.292
2015-01-20 04:00:00,6232.4355
2015-01-20 04:30:00,5461.8633
2015-01-20 05:00:00,5271.3594
2015-01-20 05:30:00,5618.1885
2015-01-20 06:00:00,3263.8535
2015-01-20 06:30:00,6584.6953
2015-01-20 07:00:00,9571.455
2015-01-20 07:30:00,12553.596
2015-01-20 08:00:00,17938.99
2015-01-20 08:30:00,20803.078
2015-01-20 09:00:00,22860.365
2015-01-20 09:30:00,20036.256
2015-01-20 10:00:00,18460.744
2015-01-20 10:30:00,17837.27
2015-01-20 11:00:00,15070.503
2015-01-20 11:30:00,18576.46
2015-01-20 12:00:00,19147.693
2015-01-20 12:30:00,19476.27
2015-01-20 13:00:00,21225.691
2015-01-20 13:30:00,21821.008
2015-01-20 14:00:00,18156.178
2015-01-20 14:30:00,19562.209
2015-01-20 15:00:00,18304.406
2015-01-20 15:30:00,15364.857
2015-01-20 16:00:00,13539.115
2015-01-20 16:30:00,14265.706
2015-01-20 17:00:00,16762.424
2015-01-20 17:30:00,19374.996
2015-01-20 18:00:00,22414.717
2015-01-20 18:30:00,22812.445
2015-01-20 19:00:00,23245.441
2015-01-20 19:30:00,24662.797
2015-01-20 20:00:00,24898.926
2015-01-20 20:30:00,24267.613
2015-01-20 21:00:00,21570.193
2015-01-20 21:30:00,18642.938
2015-01-20 22:00:00,17531.418
2015-01-20 22:30:00,21819.496
2015-01-20 23:00:00,22084.66
2015-01-20 23:30:00,23111.824
2015-01-21 00:00:00,20224.984
2015-01-21 00:30:00,15952.492
2015-01-21 01:00:00,12082.091
2015-01-21 01:30:00,7446.339
2015-01-21 02:00:00,5583.8965
2015-01-21 02:30:00,2174.212
2015-01-21 03:00:00,2624.0645
2015-01-21 03:30:00,1900.6553
2015-01-21 04:00:00,4337.8164
2015-01-21 04:30:00,1736.6348
2015-01-21 05:00:00,3457.0322
2015-01-21 05:30:00,1259.7432
2015-01-21 06:00:00,129.1836
2015-01-21 06:30:00,-128.79785
2015-01-21 07:00:00,2941.96
2015-01-21 07:30:00,10478.5625
2015-01-21 08:00:00,15369.184
2015-01-21 08:30:00,16161.237
2015-01-21 09:00:00,17383.838
2015-01-21 09:30:00,18490.828
2015-01-21 10:00:00,19655.648
2015-01-21 10:30:00,17386.877
2015-01-21 11:00:00,15934.52
2015-01-21 11:30:00,16085.485
2015-01-21 12:00:00,16235.906
2015-01-21 12:30:00,14497.854
2015-01-21 13:00:00,17272.318
2015-01-21 13:30:00,16218.573
2015-01-21 14:00:00,16478.486
2015-01-21 14:30:00,17051.201
2015-01-21 15:00:00,16124.128
2015-01-21 15:30:00,18539.244
2015-01-21 16:00:00,16012.535
2015-01-21 16:30:00,17419.879
2015-01-21 17:00:00,17939.342
2015-01-21 17:30:00,19717.066
2015-01-21 18:00:00,22559.658
2015-01-21 18:30:00,23224.854
2015-01-21 19:00:00,23569.926
2015-01-21 19:30:00,24383.703
2015-01-21 20:00:00,24590.777
2015-01-21 20:30:00,24606.574
2015-01-21 21:00:00,23743.477
2015-01-21 21:30:00,20343.293
2015-01-21 22:00:00,22264.984
2015-01-21 22:30:00,21765.234
2015-01-21 23:00:00,24786.066
2015-01-21 23:30:00,23048.137
2015-01-22 00:00:00,16950.346
2015-01-22 00:30:00,10469.588
2015-01-22 01:00:00,6370.8906
2015-01-22 01:30:00,3345.6152
2015-01-22 02:00:00,519.4863
2015-01-22 02:30:00,-1499.6348
2015-01-22 03:00:00,1052.7236
2015-01-22 03:30:00,1234.1738
2015-01-22 04:00:00,2847.414
2015-01-22 04:30:00,2173.249
2015-01-22 05:00:00,1460.6836
2015-01-22 05:30:00,3153.6357
2015-01-22 06:00:00,2935.8926
2015-01-22 06:30:00,5405.3643
2015-01-22 07:00:00,6194.6396
2015-01-22 07:30:00,13981.902
2015-01-22 08:00:00,18876.943
2015-01-22 08:30:00,20642.143
2015-01-22 09:00:00,22184.64
2015-01-22 09:30:00,22937.156
2015-01-22 10:00:00,21648.742
2015-01-22 10:30:00,18191.379
2015-01-22 11:00:00,16566.781
2015-01-22 11:30:00,17361.062
2015-01-22 12:00:00,17247.47
2015-01-22 12:30:00,15624.467
2015-01-22 13:00:00,17811.54
2015-01-22 13:30:00,17324.541
2015-01-22 14:00:00,17031.834
2015-01-22 14:30:00,16866.584
2015-01-22 15:00:00,15335.355
2015-01-22 15:30:00,15154.446
2015-01-22 16:00:00,16076.537
2015-01-22 16:30:00,16680.34
2015-01-22 17:00:00,17832.086
2015-01-22 17:30:00,19519.031
2015-01-22 18:00:00,22393.574
2015-01-22 18:30:00,23628.188
2015-01-22 19:00:00,27365.762
2015-01-22 19:30:00,25863.086
2015-01-22 20:00:00,25573.53
2015-01-22 20:30:00,24681.766
2015-01-22 21:00:00,22143.578
2015-01-22 21:30:00,17883.59
2015-01-22 22:00:00,18404.541
2015-01-22 22:30:00,20440.434
2015-01-22 23:00:00,18879.205
2015-01-22 23:30:00,18056.885
2015-01-23 00:00:00,13950.131
2015-01-23 00:30:00,7076.046
2015-01-23 01:00:00,5612.659
2015-01-23 01:30:00,1103.5723
2015-01-23 02:00:00,32.725586
2015-01-23 02:30:00,680.8086
2015-01-23 03:00:00,823.4092
2015-01-23 03:30:00,4467.371
2015-01-23 04:00:00,8590.27
2015-01-23 04:30:00,7952.065
2015-01-23 05:00:00,8264.279
2015-01-23 05:30:00,5549.455
2015-01-23 06:00:00,6302.216
2015-01-23 06:30:00,7869.403
2015-01-23 07:00:00,12949.158
2015-01-23 07:30:00,17166.117
2015-01-23 08:00:00,19244.71
2015-01-23 08:30:00,23395.992
2015-01-23 09:00:00,23205.797
2015-01-23 09:30:00,22485.115
2015-01-23 10:00:00,21736.836
2015-01-23 10:30:00,19047.809
2015-01-23 11:00:00,16127.63
2015-01-23 11:30:00,15616.154
2015-01-23 12:00:00,17612.938
2015-01-23 12:30:00,18514.781
2015-01-23 13:00:00,18011.98
2015-01-23 13:30:00,17918.889
2015-01-23 14:00:00,18867.43
2015-01-23 14:30:00,19088.992
2015-01-23 15:00:00,20044.453
2015-01-23 15:30:00,17295.83
2015-01-23 16:00:00,16824.1
2015-01-23 16:30:00,16055.491
2015-01-23 17:00:00,16024.273
2015-01-23 17:30:00,19057.02
2015-01-23 18:00:00,20826.316
2015-01-23 18:30:00,21070.283
2015-01-23 19:00:00,26702.86
2015-01-23 19:30:00,27043.506
2015-01-23 20:00:00,27961.557
2015-01-23 20:30:00,25428.125
2015-01-23 21:00:00,25106.367
2015-01-23 21:30:00,19668.781
2015-01-23 22:00:00,19143.357
2015-01-23 22:30:00,21573.95
2015-01-23 23:00:00,20786.576
2015-01-23 23:30:00,22286.572
2015-01-24 00:00:00,17866.436
2015-01-24 00:30:00,11497.121
2015-01-24 01:00:00,9907.42
2015-01-24 01:30:00,7577.1245
2015-01-24 02:00:00,6571.499
2015-01-24 02:30:00,7219.0454
2015-01-24 03:00:00,9763.402
2015-01-24 03:30:00,9553.816
2015-01-24 04:00:00,11469.484
2015-01-24 04:30:00,11439.095
2015-01-24 05:00:00,10250.904
2015-01-24 05:30:00,6374.4062
2015-01-24 06:00:00,6325.5576
2015-01-24 06:30:00,7127.456
2015-01-24 07:00:00,11130.227
2015-01-24 07:30:00,15603.284
2015-01-24 08:00:00,15758.615
2015-01-24 08:30:00,18255.568
2015-01-24 09:00:00,20543.945
2015-01-24 09:30:00,16919.607
2015-01-24 10:00:00,17661.648
2015-01-24 10:30:00,16039.807
2015-01-24 11:00:00,15100.832
2015-01-24 11:30:00,18942.672
2015-01-24 12:00:00,20033.723
2015-01-24 12:30:00,20694.807
2015-01-24 13:00:00,21825.928
2015-01-24 13:30:00,19360.012
2015-01-24 14:00:00,20698.045
2015-01-24 14:30:00,17918.82
2015-01-24 15:00:00,16680.992
2015-01-24 15:30:00,15763.408
2015-01-24 16:00:00,14593.181
2015-01-24 16:30:00,15232.324
2015-01-24 17:00:00,14714.234
2015-01-24 17:30:00,20200.396
2015-01-24 18:00:00,21942.309
2015-01-24 18:30:00,22867.69
2015-01-24 19:00:00,26440.812
2015-01-24 19:30:00,30060.902
2015-01-24 20:00:00,28580.73
2015-01-24 20:30:00,23338.639
2015-01-24 21:00:00,22982.062
2015-01-24 21:30:00,19806.277
2015-01-24 22:00:00,18505.719
2015-01-24 22:30:00,17824.43
2015-01-24 23:00:00,16664.785
2015-01-24 23:30:00,20959.145
2015-01-25 00:00:00,19162.516
2015-01-25 00:30:00,14023.819
2015-01-25 01:00:00,14386.6
2015-01-25 01:30:00,8892.055
2015-01-25 02:00:00,9588.303
2015-01-25 02:30:00,7190.392
2015-01-25 03:00:00,10332.361
2015-01-25 03:30:00,9629.844
2015-01-25 04:00:00,11946.787
2015-01-25 04:30:00,9555.994
2015-01-25 05:00:00,7485.6636
2015-01-25 05:30:00,2854.9736
2015-01-25 06:00:00,2666.5117
2015-01-25 06:30:00,1232.2305
2015-01-25 07:00:00,5152.622
2015-01-25 07:30:00,6477.332
2015-01-25 08:00:00,10205.993
2015-01-25 08:30:00,11339.228
2015-01-25 09:00:00,11142.97
2015-01-25 09:30:00,13194.825
2015-01-25 10:00:00,10966.262
2015-01-25 10:30:00,13381.377
2015-01-25 11:00:00,13400.263
2015-01-25 11:30:00,16530.229
2015-01-25 12:00:00,20360.414
2015-01-25 12:30:00,20684.475
2015-01-25 13:00:00,22305.963
2015-01-25 13:30:00,20716.268
2015-01-25 14:00:00,18620.86
2015-01-25 14:30:00,19142.219
2015-01-25 15:00:00,16714.236
2015-01-25 15:30:00,12838.209
2015-01-25 16:00:00,16779.967
2015-01-25 16:30:00,15178.079
2015-01-25 17:00:00,15037.615
2015-01-25 17:30:00,16864.78
2015-01-25 18:00:00,21333.658
2015-01-25 18:30:00,23545.867
2015-01-25 19:00:00,24086.742
2015-01-25 19:30:00,24113.852
2015-01-25 20:00:00,21579.363
2015-01-25 20:30:00,18243.168
2015-01-25 21:00:00,12613.724
2015-01-25 21:30:00,11341.088
2015-01-25 22:00:00,9974.871
2015-01-25 22:30:00,13468.076
2015-01-25 23:00:00,15391.818
2015-01-25 23:30:00,18872.744
2015-01-26 00:00:00,16619.371
2015-01-26 00:30:00,14662.785
2015-01-26 01:00:00,10751.908
2015-01-26 01:30:00,8266.318
2015-01-26 02:00:00,9599.401
2015-01-26 02:30:00,9103.535
2015-01-26 03:00:00,10713.369
2015-01-26 03:30:00,8842.102
2015-01-26 04:00:00,9692.621
2015-01-26 04:30:00,11046.676
2015-01-26 05:00:00,7972.116
2015-01-26 05:30:00,3486.874
2015-01-26 06:00:00,3170.9668
2015-01-26 06:30:00,2948.1738
2015-01-26 07:00:00,7487.693
2015-01-26 07:30:00,11015.73
2015-01-26 08:00:00,15223.32
2015-01-26 08:30:00,17958.984
2015-01-26 09:00:00,18039.031
2015-01-26 09:30:00,17270.098
2015-01-26 10:00:00,16379.665
2015-01-26 10:30:00,14126.754
2015-01-26 11:00:00,16393.145
2015-01-26 11:30:00,16510.61
2015-01-26 12:00:00,19694.883
2015-01-26 12:30:00,21080.258
2015-01-26 13:00:00,20809.21
2015-01-26 13:30:00,20209.498
2015-01-26 14:00:00,19497.887
2015-01-26 14:30:00,18767.814
2015-01-26 15:00:00,17643.535
2015-01-26 15:30:00,15770.107
2015-01-26 16:00:00,16822.361
2015-01-26 16:30:00,16043.306
2015-01-26 17:00:00,17918.447
2015-01-26 17:30:00,19446.15
2015-01-26 18:00:00,19384.555
2015-01-26 18:30:00,19619.787
2015-01-26 19:00:00,21853.55
2015-01-26 19:30:00,22054.727
2015-01-26 20:00:00,20004.91
2015-01-26 20:30:00,18257.979
2015-01-26 21:00:00,16243.179
2015-01-26 21:30:00,13714.758
2015-01-26 22:00:00,14632.508
2015-01-26 22:30:00,17485.0
2015-01-26 23:00:00,18337.451
2015-01-26 23:30:00,19483.092
2015-01-27 00:00:00,18570.271
2015-01-27 00:30:00,14006.056
2015-01-27 01:00:00,12670.374
2015-01-27 01:30:00,4022.9023
2015-01-27 02:00:00,5376.218
2015-01-27 02:30:00,3496.9727
2015-01-27 03:00:00,5133.334
2015-01-27 03:30:00,2905.9775
2015-01-27 04:00:00,3522.213
2015-01-27 04:30:00,4737.507
2015-01-27 05:00:00,3537.623
2015-01-27 05:30:00,22.166016
2015-01-27 06:00:00,661.501
2015-01-27 06:30:00,-653.7998
2015-01-27 07:00:00,5936.087
2015-01-27 07:30:00,11142.207
2015-01-27 08:00:00,16274.463
2015-01-27 08:30:00,18047.84
2015-01-27 09:00:00,18947.26
2015-01-27 09:30:00,17942.693
2015-01-27 10:00:00,17291.715
2015-01-27 10:30:00,16258.113
2015-01-27 11:00:00,16220.823
2015-01-27 11:30:00,15089.579
2015-01-27 12:00:00,18227.936
2015-01-27 12:30:00,19214.133
2015-01-27 13:00:00,20663.479
2015-01-27 13:30:00,17458.092
2015-01-27 14:00:00,19408.354
2015-01-27 14:30:00,19055.383
2015-01-27 15:00:00,17390.336
2015-01-27 15:30:00,13403.393
2015-01-27 16:00:00,13073.638
2015-01-27 16:30:00,12902.702
2015-01-27 17:00:00,13500.131
2015-01-27 17:30:00,14784.598
2015-01-27 18:00:00,20650.85
2015-01-27 18:30:00,21272.139
2015-01-27 19:00:00,23931.191
2015-01-27 19:30:00,24076.037
2015-01-27 20:00:00,24332.043
2015-01-27 20:30:00,24818.666
2015-01-27 21:00:00,19463.3
2015-01-27 21:30:00,17643.785
2015-01-27 22:00:00,16336.213
2015-01-27 22:30:00,19398.945
2015-01-27 23:00:00,19519.582
2015-01-27 23:30:00,20432.562
2015-01-28 00:00:00,16519.115
2015-01-28 00:30:00,13093.362
2015-01-28 01:00:00,10207.581
2015-01-28 01:30:00,6540.885
2015-01-28 02:00:00,3721.2666
2015-01-28 02:30:00,2552.1191
2015-01-28 03:00:00,2566.0654
2015-01-28 03:30:00,2421.6592
2015-01-28 04:00:00,2910.2705
2015-01-28 04:30:00,1418.4443
2015-01-28 05:00:00,1576.9268
2015-01-28 05:30:00,257.1543
2015-01-28 06:00:00,789.4287
2015-01-28 06:30:00,536.07227
2015-01-28 07:00:00,4255.205
2015-01-28 07:30:00,8808.893
2015-01-28 08:00:00,13891.208
2015-01-28 08:30:00,14367.227
2015-01-28 09:00:00,17501.31
2015-01-28 09:30:00,17631.508
2015-01-28 10:00:00,19041.785
2015-01-28 10:30:00,17747.812
2015-01-28 11:00:00,16716.896
2015-01-28 11:30:00,15767.518
2015-01-28 12:00:00,15965.195
2015-01-28 12:30:00,17395.062
2015-01-28 13:00:00,18640.686
2015-01-28 13:30:00,17363.748
2015-01-28 14:00:00,16915.453
2015-01-28 14:30:00,17093.367
2015-01-28 15:00:00,17042.037
2015-01-28 15:30:00,13020.554
2015-01-28 16:00:00,12659.887
2015-01-28 16:30:00,14448.145
2015-01-28 17:00:00,15218.045
2015-01-28 17:30:00,15028.437
2015-01-28 18:00:00,17788.057
2015-01-28 18:30:00,20978.621
2015-01-28 19:00:00,23152.236
2015-01-28 19:30:00,22612.8
2015-01-28 20:00:00,25219.445
2015-01-28 20:30:00,24154.254
2015-01-28 21:00:00,23062.984
2015-01-28 21:30:00,19252.049
2015-01-28 22:00:00,19364.975
2015-01-28 22:30:00,22166.988
2015-01-28 23:00:00,21425.402
2015-01-28 23:30:00,20173.97
2015-01-29 00:00:00,14107.518
2015-01-29 00:30:00,8269.994
2015-01-29 01:00:00,6764.331
2015-01-29 01:30:00,2625.1152
2015-01-29 02:00:00,-1499.7617
2015-01-29 02:30:00,-3450.7754
2015-01-29 03:00:00,-1222.2031
2015-01-29 03:30:00,425.9082
2015-01-29 04:00:00,2902.5723
2015-01-29 04:30:00,1413.8047
2015-01-29 05:00:00,1658.1787
2015-01-29 05:30:00,-165.0625
2015-01-29 06:00:00,-1606.1074
2015-01-29 06:30:00,-783.92676
2015-01-29 07:00:00,4192.884
2015-01-29 07:30:00,7189.2256
2015-01-29 08:00:00,14312.64
2015-01-29 08:30:00,15960.756
2015-01-29 09:00:00,19609.465
2015-01-29 09:30:00,18867.762
2015-01-29 10:00:00,21091.754
2015-01-29 10:30:00,15530.719
2015-01-29 11:00:00,15363.945
2015-01-29 11:30:00,17675.512
2015-01-29 12:00:00,19226.771
2015-01-29 12:30:00,18347.705
2015-01-29 13:00:00,18280.377
2015-01-29 13:30:00,16574.05
2015-01-29 14:00:00,15372.969
2015-01-29 14:30:00,16033.429
2015-01-29 15:00:00,14885.964
2015-01-29 15:30:00,14422.671
2015-01-29 16:00:00,15648.53
2015-01-29 16:30:00,14669.839
2015-01-29 17:00:00,15442.685
2015-01-29 17:30:00,17476.309
2015-01-29 18:00:00,22435.215
2015-01-29 18:30:00,21982.746
2015-01-29 19:00:00,25690.553
2015-01-29 19:30:00,24407.172
2015-01-29 20:00:00,26199.146
2015-01-29 20:30:00,24438.152
2015-01-29 21:00:00,20754.734
2015-01-29 21:30:00,19556.656
2015-01-29 22:00:00,18757.441
2015-01-29 22:30:00,19406.55
2015-01-29 23:00:00,16276.215
2015-01-29 23:30:00,14366.932
2015-01-30 00:00:00,9965.097
2015-01-30 00:30:00,4571.2637
2015-01-30 01:00:00,5331.7695
2015-01-30 01:30:00,1779.9062
2015-01-30 02:00:00,57.53711
2015-01-30 02:30:00,-120.396484
2015-01-30 03:00:00,4168.1133
2015-01-30 03:30:00,3979.1084
2015-01-30 04:00:00,8066.218
2015-01-30 04:30:00,8140.407
2015-01-30 05:00:00,7792.8145
2015-01-30 05:30:00,4963.6055
2015-01-30 06:00:00,6697.078
2015-01-30 06:30:00,6471.7666
2015-01-30 07:00:00,12071.066
2015-01-30 07:30:00,15598.736
2015-01-30 08:00:00,17307.438
2015-01-30 08:30:00,20790.012
2015-01-30 09:00:00,22873.154
2015-01-30 09:30:00,23277.02
2015-01-30 10:00:00,22183.912
2015-01-30 10:30:00,20295.148
2015-01-30 11:00:00,18373.8
2015-01-30 11:30:00,18737.564
2015-01-30 12:00:00,20503.72
2015-01-30 12:30:00,21480.988
2015-01-30 13:00:00,19959.068
2015-01-30 13:30:00,16425.53
2015-01-30 14:00:00,17189.236
2015-01-30 14:30:00,18810.385
2015-01-30 15:00:00,16927.285
2015-01-30 15:30:00,17303.188
2015-01-30 16:00:00,17867.314
2015-01-30 16:30:00,15988.526
2015-01-30 17:00:00,17315.443
2015-01-30 17:30:00,16658.459
2015-01-30 18:00:00,20914.914
2015-01-30 18:30:00,21376.107
2015-01-30 19:00:00,25857.398
2015-01-30 19:30:00,24720.43
2015-01-30 20:00:00,27560.947
2015-01-30 20:30:00,25381.816
2015-01-30 21:00:00,23422.838
2015-01-30 21:30:00,21366.637
2015-01-30 22:00:00,20679.066
2015-01-30 22:30:00,20293.275
2015-01-30 23:00:00,18945.4
2015-01-30 23:30:00,19498.496
2015-01-31 00:00:00,16121.206
2015-01-31 00:30:00,13487.381
2015-01-31 01:00:00,10211.382
2015-01-31 01:30:00,8243.162
2015-01-31 02:00:00,8560.396
2015-01-31 02:30:00,6651.5176
2015-01-31 03:00:00,10049.497
2015-01-31 03:30:00,11135.014
2015-01-31 04:00:00,11393.29
2015-01-31 04:30:00,11746.676
2015-01-31 05:00:00,7539.65
2015-01-31 05:30:00,4497.494
2015-01-31 06:00:00,4562.4062
2015-01-31 06:30:00,6902.717
2015-01-31 07:00:00,9706.648
2015-01-31 07:30:00,13281.407
2015-01-31 08:00:00,15679.017
2015-01-31 08:30:00,17436.73
2015-01-31 09:00:00,19016.988
2015-01-31 09:30:00,17072.123
2015-01-31 10:00:00,21165.055
2015-01-31 10:30:00,17411.37
2015-01-31 11:00:00,17178.082
2015-01-31 11:30:00,19409.695
2015-01-31 12:00:00,23383.31
2015-01-31 12:30:00,21661.25
2015-01-31 13:00:00,23082.55
2015-01-31 13:30:00,20357.762
2015-01-31 14:00:00,21143.664
2015-01-31 14:30:00,19351.555
2015-01-31 15:00:00,17666.865
2015-01-31 15:30:00,16062.645
2015-01-31 16:00:00,15854.733
2015-01-31 16:30:00,16389.953
2015-01-31 17:00:00,20332.02
2015-01-31 17:30:00,17354.832
2015-01-31 18:00:00,20415.766
2015-01-31 18:30:00,21800.969
2015-01-31 19:00:00,25470.316
2015-01-31 19:30:00,26052.535
2015-01-31 20:00:00,26584.426
2015-01-31 20:30:00,24606.754
2015-01-31 21:00:00,21107.334
2015-01-31 21:30:00,20089.938
2015-01-31 22:00:00,20223.26
2015-01-31 22:30:00,20958.625
2015-01-31 23:00:00,21176.777
2015-01-31 23:30:00,23381.58
