datetime,Montreal
2016-10-22 16:00:00,286.4226
2016-10-22 20:00:00,284.28406
2016-10-23 00:00:00,283.45114
2016-10-23 04:00:00,282.89658
2016-10-23 08:00:00,283.5315
2016-10-23 12:00:00,284.5784
2016-10-23 16:00:00,281.99545
2016-10-23 20:00:00,280.07822
2016-10-24 00:00:00,279.25375
2016-10-24 04:00:00,280.35858
2016-10-24 08:00:00,281.40173
2016-10-24 12:00:00,283.1227
2016-10-24 16:00:00,280.90387
2016-10-24 20:00:00,280.08768
2016-10-25 00:00:00,280.6727
2016-10-25 04:00:00,284.31763
2016-10-25 08:00:00,286.40396
2016-10-25 12:00:00,286.4704
2016-10-25 16:00:00,284.11398
2016-10-25 20:00:00,283.3173
2016-10-26 00:00:00,284.03345
2016-10-26 04:00:00,284.88507
2016-10-26 08:00:00,286.37808
2016-10-26 12:00:00,286.72458
2016-10-26 16:00:00,285.72913
2016-10-26 20:00:00,285.41165
2016-10-27 00:00:00,284.94962
2016-10-27 04:00:00,284.6897
2016-10-27 08:00:00,285.21994
2016-10-27 12:00:00,286.843
2016-10-27 16:00:00,285.85312
2016-10-27 20:00:00,283.14764
2016-10-28 00:00:00,281.86682
2016-10-28 04:00:00,281.31403
2016-10-28 08:00:00,282.16736
2016-10-28 12:00:00,283.46707
2016-10-28 16:00:00,282.97638
2016-10-28 20:00:00,281.18848
2016-10-29 00:00:00,279.90335
2016-10-29 04:00:00,279.9881
2016-10-29 08:00:00,281.51257
2016-10-29 12:00:00,282.15247
2016-10-29 16:00:00,280.63623
2016-10-29 20:00:00,279.16727
2016-10-30 00:00:00,277.82303
2016-10-30 04:00:00,278.0698
2016-10-30 08:00:00,279.69098
2016-10-30 12:00:00,280.1768
2016-10-30 16:00:00,278.59464
2016-10-30 20:00:00,276.84488
2016-10-31 00:00:00,276.23468
2016-10-31 04:00:00,276.95828
2016-10-31 08:00:00,278.9271
2016-10-31 12:00:00,280.25247
2016-10-31 16:00:00,279.2904
2016-10-31 20:00:00,278.34543
2016-11-01 00:00:00,277.77438
2016-11-01 04:00:00,278.91034
2016-11-01 08:00:00,281.0426
2016-11-01 12:00:00,281.85834
2016-11-01 16:00:00,280.56424
2016-11-01 20:00:00,279.18796
2016-11-02 00:00:00,278.00983
2016-11-02 04:00:00,278.65207
2016-11-02 08:00:00,280.84558
2016-11-02 12:00:00,280.92838
2016-11-02 16:00:00,279.42993
2016-11-02 20:00:00,279.271
2016-11-03 00:00:00,279.55426
2016-11-03 04:00:00,279.2844
2016-11-03 08:00:00,279.4062
2016-11-03 12:00:00,279.2966
2016-11-03 16:00:00,278.56134
2016-11-03 20:00:00,277.77716
2016-11-04 00:00:00,277.83844
2016-11-04 04:00:00,278.11374
2016-11-04 08:00:00,279.3107
2016-11-04 12:00:00,280.29477
2016-11-04 16:00:00,279.0501
2016-11-04 20:00:00,276.82864
2016-11-05 00:00:00,276.38187
2016-11-05 04:00:00,277.65085
2016-11-05 08:00:00,280.0207
2016-11-05 12:00:00,280.9845
2016-11-05 16:00:00,279.09564
2016-11-05 20:00:00,278.13873
2016-11-06 00:00:00,277.44342
2016-11-06 04:00:00,277.0308
2016-11-06 08:00:00,277.3242
2016-11-06 12:00:00,277.9449
2016-11-06 16:00:00,277.36377
2016-11-06 20:00:00,275.95236
2016-11-07 00:00:00,275.20953
2016-11-07 04:00:00,275.17694
2016-11-07 08:00:00,277.89426
2016-11-07 12:00:00,279.98566
2016-11-07 16:00:00,278.33084
2016-11-07 20:00:00,277.92725
2016-11-08 00:00:00,279.2302
2016-11-08 04:00:00,281.0069
2016-11-08 08:00:00,282.98184
2016-11-08 12:00:00,284.37872
2016-11-08 16:00:00,282.91156
2016-11-08 20:00:00,282.69305
2016-11-09 00:00:00,283.23108
2016-11-09 04:00:00,283.93628
2016-11-09 08:00:00,286.3527
2016-11-09 12:00:00,287.95062
2016-11-09 16:00:00,288.01562
2016-11-09 20:00:00,287.18756
2016-11-10 00:00:00,286.0726
2016-11-10 04:00:00,284.93677
2016-11-10 08:00:00,284.90665
2016-11-10 12:00:00,284.8952
2016-11-10 16:00:00,283.77283
2016-11-10 20:00:00,283.18643
2016-11-11 00:00:00,282.04562
2016-11-11 04:00:00,280.41708
2016-11-11 08:00:00,280.316
2016-11-11 12:00:00,280.0026
2016-11-11 16:00:00,278.45828
2016-11-11 20:00:00,277.29666
2016-11-12 00:00:00,276.8741
2016-11-12 04:00:00,278.18066
2016-11-12 08:00:00,279.72363
2016-11-12 12:00:00,279.87766
2016-11-12 16:00:00,278.96112
2016-11-12 20:00:00,278.3854
2016-11-13 00:00:00,278.103
2016-11-13 04:00:00,277.5128
2016-11-13 08:00:00,278.11935
2016-11-13 12:00:00,278.4473
2016-11-13 16:00:00,276.984
2016-11-13 20:00:00,276.29202
2016-11-14 00:00:00,274.92166
2016-11-14 04:00:00,274.83896
2016-11-14 08:00:00,276.54575
2016-11-14 12:00:00,278.17734
2016-11-14 16:00:00,277.3927
2016-11-14 20:00:00,277.07697
2016-11-15 00:00:00,277.24353
2016-11-15 04:00:00,278.26547
2016-11-15 08:00:00,280.64993
2016-11-15 12:00:00,281.06482
2016-11-15 16:00:00,280.5971
2016-11-15 20:00:00,279.6431
2016-11-16 00:00:00,279.15485
2016-11-16 04:00:00,279.7467
2016-11-16 08:00:00,280.2334
2016-11-16 12:00:00,279.82495
2016-11-16 16:00:00,278.8511
2016-11-16 20:00:00,278.7683
2016-11-17 00:00:00,278.2145
2016-11-17 04:00:00,277.83575
2016-11-17 08:00:00,279.16467
2016-11-17 12:00:00,279.4778
2016-11-17 16:00:00,277.79337
2016-11-17 20:00:00,276.59714
2016-11-18 00:00:00,276.53912
2016-11-18 04:00:00,278.80664
2016-11-18 08:00:00,281.01056
2016-11-18 12:00:00,281.0416
2016-11-18 16:00:00,279.18655
2016-11-18 20:00:00,279.18274
2016-11-19 00:00:00,278.95926
2016-11-19 04:00:00,279.8484
2016-11-19 08:00:00,279.8613
2016-11-19 12:00:00,279.08566
2016-11-19 16:00:00,276.86758
2016-11-19 20:00:00,274.08847
2016-11-20 00:00:00,273.06726
2016-11-20 04:00:00,273.5357
2016-11-20 08:00:00,274.96777
2016-11-20 12:00:00,276.3775
2016-11-20 16:00:00,274.86157
2016-11-20 20:00:00,273.7821
2016-11-21 00:00:00,273.87537
2016-11-21 04:00:00,275.24252
2016-11-21 08:00:00,277.55264
2016-11-21 12:00:00,278.1708
2016-11-21 16:00:00,278.26044
2016-11-21 20:00:00,277.21866
2016-11-22 00:00:00,276.6572
2016-11-22 04:00:00,275.64655
2016-11-22 08:00:00,274.74072
2016-11-22 12:00:00,274.6402
2016-11-22 16:00:00,273.5617
2016-11-22 20:00:00,272.21338
2016-11-23 00:00:00,271.0774
2016-11-23 04:00:00,271.4826
2016-11-23 08:00:00,272.66534
2016-11-23 12:00:00,273.3083
2016-11-23 16:00:00,272.4775
2016-11-23 20:00:00,272.72937
2016-11-24 00:00:00,273.071
2016-11-24 04:00:00,274.70364
2016-11-24 08:00:00,277.49414
2016-11-24 12:00:00,277.6648
2016-11-24 16:00:00,276.51996
2016-11-24 20:00:00,276.64136
2016-11-25 00:00:00,277.15662
2016-11-25 04:00:00,277.8154
2016-11-25 08:00:00,278.55212
2016-11-25 12:00:00,278.06836
2016-11-25 16:00:00,278.10797
2016-11-25 20:00:00,278.44855
2016-11-26 00:00:00,279.3868
2016-11-26 04:00:00,280.09213
2016-11-26 08:00:00,280.3251
2016-11-26 12:00:00,279.7666
2016-11-26 16:00:00,278.9621
2016-11-26 20:00:00,278.9006
2016-11-27 00:00:00,277.6966
2016-11-27 04:00:00,277.21127
2016-11-27 08:00:00,277.51947
2016-11-27 12:00:00,277.39453
2016-11-27 16:00:00,275.89917
2016-11-27 20:00:00,274.918
2016-11-28 00:00:00,275.15793
2016-11-28 04:00:00,275.86914
2016-11-28 08:00:00,276.99728
2016-11-28 12:00:00,277.25586
2016-11-28 16:00:00,276.2441
2016-11-28 20:00:00,275.9046
2016-11-29 00:00:00,276.15106
2016-11-29 04:00:00,276.927
2016-11-29 08:00:00,278.0412
2016-11-29 12:00:00,278.65576
2016-11-29 16:00:00,278.40555
2016-11-29 20:00:00,278.25708
2016-11-30 00:00:00,278.00482
2016-11-30 04:00:00,277.9917
2016-11-30 08:00:00,278.7443
2016-11-30 12:00:00,278.50687
2016-11-30 16:00:00,277.0387
2016-11-30 20:00:00,277.04572
2016-12-01 00:00:00,276.90347
2016-12-01 04:00:00,277.052
2016-12-01 08:00:00,278.30322
2016-12-01 12:00:00,278.1776
2016-12-01 16:00:00,276.9511
2016-12-01 20:00:00,276.56305
2016-12-02 00:00:00,275.9433
2016-12-02 04:00:00,276.33725
2016-12-02 08:00:00,278.30746
2016-12-02 12:00:00,278.3593
2016-12-02 16:00:00,277.46457
2016-12-02 20:00:00,277.09296
2016-12-03 00:00:00,276.819
2016-12-03 04:00:00,277.45352
2016-12-03 08:00:00,279.1734
2016-12-03 12:00:00,279.4054
2016-12-03 16:00:00,278.3518
2016-12-03 20:00:00,277.68008
2016-12-04 00:00:00,278.2824
2016-12-04 04:00:00,278.32486
2016-12-04 08:00:00,279.19464
2016-12-04 12:00:00,279.23282
2016-12-04 16:00:00,278.33618
2016-12-04 20:00:00,276.3168
2016-12-05 00:00:00,275.1097
2016-12-05 04:00:00,273.96304
2016-12-05 08:00:00,274.64786
2016-12-05 12:00:00,275.23007
2016-12-05 16:00:00,274.2315
2016-12-05 20:00:00,272.73798
2016-12-06 00:00:00,272.55673
2016-12-06 04:00:00,272.95306
2016-12-06 08:00:00,274.1998
2016-12-06 12:00:00,274.43314
2016-12-06 16:00:00,273.80173
2016-12-06 20:00:00,274.10178
2016-12-07 00:00:00,274.12332
2016-12-07 04:00:00,274.6947
2016-12-07 08:00:00,276.28433
2016-12-07 12:00:00,276.36322
2016-12-07 16:00:00,275.12076
2016-12-07 20:00:00,274.50168
2016-12-08 00:00:00,274.00586
2016-12-08 04:00:00,274.8516
2016-12-08 08:00:00,277.98932
2016-12-08 12:00:00,278.58447
2016-12-08 16:00:00,278.33743
2016-12-08 20:00:00,278.08017
2016-12-09 00:00:00,278.79666
2016-12-09 04:00:00,279.19095
2016-12-09 08:00:00,280.3932
2016-12-09 12:00:00,280.84406
2016-12-09 16:00:00,280.3609
2016-12-09 20:00:00,280.47247
2016-12-10 00:00:00,280.5829
2016-12-10 04:00:00,281.0976
2016-12-10 08:00:00,281.71454
2016-12-10 12:00:00,281.52002
2016-12-10 16:00:00,281.26105
2016-12-10 20:00:00,280.67404
2016-12-11 00:00:00,280.76755
2016-12-11 04:00:00,280.75507
2016-12-11 08:00:00,280.9029
2016-12-11 12:00:00,280.41473
2016-12-11 16:00:00,279.41736
2016-12-11 20:00:00,278.53992
2016-12-12 00:00:00,278.28897
2016-12-12 04:00:00,278.1219
2016-12-12 08:00:00,278.49908
2016-12-12 12:00:00,279.13477
2016-12-12 16:00:00,278.77017
2016-12-12 20:00:00,279.00693
2016-12-13 00:00:00,279.53162
2016-12-13 04:00:00,280.20752
2016-12-13 08:00:00,280.78085
2016-12-13 12:00:00,280.16916
2016-12-13 16:00:00,278.70883
2016-12-13 20:00:00,277.46503
2016-12-14 00:00:00,277.40918
2016-12-14 04:00:00,277.76395
2016-12-14 08:00:00,277.9917
2016-12-14 12:00:00,276.63235
2016-12-14 16:00:00,275.34155
2016-12-14 20:00:00,273.12424
2016-12-15 00:00:00,272.29504
2016-12-15 04:00:00,271.56577
2016-12-15 08:00:00,273.19272
2016-12-15 12:00:00,273.0862
2016-12-15 16:00:00,272.14224
2016-12-15 20:00:00,271.66348
2016-12-16 00:00:00,271.2534
2016-12-16 04:00:00,271.58167
2016-12-16 08:00:00,273.60037
2016-12-16 12:00:00,274.61496
2016-12-16 16:00:00,275.1934
2016-12-16 20:00:00,275.50858
2016-12-17 00:00:00,276.57864
2016-12-17 04:00:00,276.87918
2016-12-17 08:00:00,277.44714
2016-12-17 12:00:00,278.58902
2016-12-17 16:00:00,278.46753
2016-12-17 20:00:00,278.03217
2016-12-18 00:00:00,277.91306
2016-12-18 04:00:00,277.22183
2016-12-18 08:00:00,276.5915
2016-12-18 12:00:00,275.315
2016-12-18 16:00:00,274.06525
2016-12-18 20:00:00,272.49875
2016-12-19 00:00:00,271.60986
2016-12-19 04:00:00,270.9978
2016-12-19 08:00:00,271.99652
2016-12-19 12:00:00,272.6604
2016-12-19 16:00:00,272.08142
2016-12-19 20:00:00,272.65356
2016-12-20 00:00:00,274.25113
2016-12-20 04:00:00,275.3906
2016-12-20 08:00:00,276.31976
2016-12-20 12:00:00,276.24295
2016-12-20 16:00:00,275.55594
2016-12-20 20:00:00,274.63666
2016-12-21 00:00:00,273.07474
2016-12-21 04:00:00,272.56882
2016-12-21 08:00:00,271.96786
2016-12-21 12:00:00,271.4655
2016-12-21 16:00:00,269.96246
2016-12-21 20:00:00,269.34503
2016-12-22 00:00:00,269.3697
2016-12-22 04:00:00,268.86868
2016-12-22 08:00:00,270.0058
2016-12-22 12:00:00,271.36823
2016-12-22 16:00:00,271.07812
2016-12-22 20:00:00,270.8664
2016-12-23 00:00:00,270.8374
2016-12-23 04:00:00,271.13147
2016-12-23 08:00:00,272.65103
2016-12-23 12:00:00,272.08817
2016-12-23 16:00:00,270.57285
2016-12-23 20:00:00,270.3066
2016-12-24 00:00:00,270.06033
2016-12-24 04:00:00,270.25323
2016-12-24 08:00:00,271.3751
2016-12-24 12:00:00,271.6768
2016-12-24 16:00:00,272.11215
2016-12-24 20:00:00,272.0224
2016-12-25 00:00:00,273.3174
2016-12-25 04:00:00,275.21796
2016-12-25 08:00:00,275.8952
2016-12-25 12:00:00,275.7358
2016-12-25 16:00:00,273.8064
2016-12-25 20:00:00,272.62585
2016-12-26 00:00:00,271.02786
2016-12-26 04:00:00,270.3488
2016-12-26 08:00:00,271.58005
2016-12-26 12:00:00,272.42856
2016-12-26 16:00:00,271.77975
2016-12-26 20:00:00,271.61588
2016-12-27 00:00:00,271.3287
2016-12-27 04:00:00,270.24152
2016-12-27 08:00:00,271.43475
2016-12-27 12:00:00,273.29016
2016-12-27 16:00:00,272.6885
2016-12-27 20:00:00,271.62433
2016-12-28 00:00:00,271.36877
2016-12-28 04:00:00,271.97003
2016-12-28 08:00:00,273.15277
2016-12-28 12:00:00,273.55197
2016-12-28 16:00:00,272.56732
2016-12-28 20:00:00,270.10403
2016-12-29 00:00:00,267.83875
2016-12-29 04:00:00,267.5076
2016-12-29 08:00:00,268.7283
2016-12-29 12:00:00,269.37695
2016-12-29 16:00:00,268.7611
2016-12-29 20:00:00,268.4585
2016-12-30 00:00:00,267.33353
2016-12-30 04:00:00,267.24008
2016-12-30 08:00:00,267.99673
2016-12-30 12:00:00,269.44232
2016-12-30 16:00:00,269.10257
2016-12-30 20:00:00,268.25098
2016-12-31 00:00:00,268.21338
2016-12-31 04:00:00,268.09497
2016-12-31 08:00:00,269.29373
2016-12-31 12:00:00,270.72754
2016-12-31 16:00:00,270.19202
2016-12-31 20:00:00,270.2333
2017-01-01 00:00:00,272.53156
2017-01-01 04:00:00,273.94073
2017-01-01 08:00:00,273.0534
2017-01-01 12:00:00,272.0126
2017-01-01 16:00:00,271.45306
2017-01-01 20:00:00,270.26062
2017-01-02 00:00:00,269.34186
2017-01-02 04:00:00,268.56128
2017-01-02 08:00:00,268.87796
2017-01-02 12:00:00,269.3339
2017-01-02 16:00:00,268.75613
2017-01-02 20:00:00,268.37387
2017-01-03 00:00:00,268.88226
2017-01-03 04:00:00,269.96268
2017-01-03 08:00:00,271.83078
2017-01-03 12:00:00,273.2661
2017-01-03 16:00:00,272.85632
2017-01-03 20:00:00,272.67972
2017-01-04 00:00:00,273.05646
2017-01-04 04:00:00,273.39594
2017-01-04 08:00:00,273.87497
2017-01-04 12:00:00,273.52185
2017-01-04 16:00:00,272.5545
2017-01-04 20:00:00,270.80737
2017-01-05 00:00:00,269.16553
2017-01-05 04:00:00,267.93582
2017-01-05 08:00:00,268.34363
2017-01-05 12:00:00,269.4104
2017-01-05 16:00:00,268.53763
2017-01-05 20:00:00,268.3932
2017-01-06 00:00:00,268.0175
2017-01-06 04:00:00,267.6352
2017-01-06 08:00:00,269.00565
2017-01-06 12:00:00,271.4768
2017-01-06 16:00:00,270.19638
2017-01-06 20:00:00,268.8791
2017-01-07 00:00:00,269.46716
2017-01-07 04:00:00,269.72247
2017-01-07 08:00:00,271.47733
2017-01-07 12:00:00,272.6638
2017-01-07 16:00:00,272.31036
2017-01-07 20:00:00,271.98633
2017-01-08 00:00:00,271.65244
2017-01-08 04:00:00,272.16846
2017-01-08 08:00:00,273.87775
2017-01-08 12:00:00,275.65155
2017-01-08 16:00:00,275.6507
2017-01-08 20:00:00,275.04712
2017-01-09 00:00:00,274.8572
2017-01-09 04:00:00,274.7854
2017-01-09 08:00:00,275.51508
2017-01-09 12:00:00,274.95117
2017-01-09 16:00:00,273.69003
2017-01-09 20:00:00,273.21738
2017-01-10 00:00:00,272.65967
2017-01-10 04:00:00,271.1817
2017-01-10 08:00:00,269.9664
2017-01-10 12:00:00,270.83746
2017-01-10 16:00:00,270.44147
2017-01-10 20:00:00,268.7983
2017-01-11 00:00:00,267.4933
2017-01-11 04:00:00,266.5972
2017-01-11 08:00:00,268.24765
2017-01-11 12:00:00,269.91898
2017-01-11 16:00:00,268.93314
2017-01-11 20:00:00,268.6029
2017-01-12 00:00:00,268.9185
2017-01-12 04:00:00,269.6078
2017-01-12 08:00:00,269.428
2017-01-12 12:00:00,269.6822
2017-01-12 16:00:00,270.14865
2017-01-12 20:00:00,269.5301
2017-01-13 00:00:00,268.859
2017-01-13 04:00:00,268.275
2017-01-13 08:00:00,269.0014
2017-01-13 12:00:00,270.13806
2017-01-13 16:00:00,269.8351
2017-01-13 20:00:00,268.6637
2017-01-14 00:00:00,268.4654
2017-01-14 04:00:00,267.92282
2017-01-14 08:00:00,270.2622
2017-01-14 12:00:00,271.95886
2017-01-14 16:00:00,271.78268
2017-01-14 20:00:00,272.23297
2017-01-15 00:00:00,272.14478
2017-01-15 04:00:00,272.07263
2017-01-15 08:00:00,272.45493
2017-01-15 12:00:00,271.57608
2017-01-15 16:00:00,270.2193
2017-01-15 20:00:00,268.39548
2017-01-16 00:00:00,267.10632
2017-01-16 04:00:00,265.6674
2017-01-16 08:00:00,265.687
2017-01-16 12:00:00,266.64508
2017-01-16 16:00:00,266.38583
2017-01-16 20:00:00,266.18497
2017-01-17 00:00:00,266.27283
2017-01-17 04:00:00,265.1941
2017-01-17 08:00:00,265.30554
2017-01-17 12:00:00,266.3009
2017-01-17 16:00:00,265.63013
2017-01-17 20:00:00,264.51892
2017-01-18 00:00:00,265.0167
2017-01-18 04:00:00,265.04477
2017-01-18 08:00:00,265.03506
2017-01-18 12:00:00,265.12964
2017-01-18 16:00:00,265.72922
2017-01-18 20:00:00,265.30478
2017-01-19 00:00:00,263.9882
2017-01-19 04:00:00,263.93423
2017-01-19 08:00:00,264.43463
2017-01-19 12:00:00,266.47192
2017-01-19 16:00:00,266.45145
2017-01-19 20:00:00,266.3975
2017-01-20 00:00:00,266.38934
2017-01-20 04:00:00,267.50363
2017-01-20 08:00:00,268.84897
2017-01-20 12:00:00,269.92688
2017-01-20 16:00:00,269.9513
2017-01-20 20:00:00,270.2882
2017-01-21 00:00:00,270.80673
2017-01-21 04:00:00,270.2939
2017-01-21 08:00:00,270.28568
2017-01-21 12:00:00,270.9279
2017-01-21 16:00:00,269.6783
2017-01-21 20:00:00,267.46008
2017-01-22 00:00:00,266.083
2017-01-22 04:00:00,265.4049
2017-01-22 08:00:00,267.4514
2017-01-22 12:00:00,269.647
2017-01-22 16:00:00,268.81104
2017-01-22 20:00:00,268.126
2017-01-23 00:00:00,266.0607
2017-01-23 04:00:00,265.27325
2017-01-23 08:00:00,267.9031
2017-01-23 12:00:00,267.5129
2017-01-23 16:00:00,266.8019
2017-01-23 20:00:00,266.71118
2017-01-24 00:00:00,266.11987
2017-01-24 04:00:00,265.15988
2017-01-24 08:00:00,264.72357
2017-01-24 12:00:00,265.17322
2017-01-24 16:00:00,265.08044
2017-01-24 20:00:00,265.24976
2017-01-25 00:00:00,264.33673
2017-01-25 04:00:00,263.62918
2017-01-25 08:00:00,263.49915
2017-01-25 12:00:00,263.44965
2017-01-25 16:00:00,263.72202
2017-01-25 20:00:00,264.35733
2017-01-26 00:00:00,264.75266
2017-01-26 04:00:00,265.18442
2017-01-26 08:00:00,266.26117
2017-01-26 12:00:00,267.18832
2017-01-26 16:00:00,266.64447
2017-01-26 20:00:00,265.4464
2017-01-27 00:00:00,265.08112
2017-01-27 04:00:00,264.2032
2017-01-27 08:00:00,265.3225
2017-01-27 12:00:00,266.42172
2017-01-27 16:00:00,266.14755
2017-01-27 20:00:00,266.1666
2017-01-28 00:00:00,266.86334
2017-01-28 04:00:00,267.4699
2017-01-28 08:00:00,268.58563
2017-01-28 12:00:00,268.6718
2017-01-28 16:00:00,268.275
2017-01-28 20:00:00,266.38007
2017-01-29 00:00:00,265.0433
2017-01-29 04:00:00,263.32556
2017-01-29 08:00:00,262.80707
2017-01-29 12:00:00,262.87085
2017-01-29 16:00:00,262.69278
2017-01-29 20:00:00,262.24808
2017-01-30 00:00:00,261.80682
2017-01-30 04:00:00,262.81085
2017-01-30 08:00:00,263.63876
2017-01-30 12:00:00,265.2228
2017-01-30 16:00:00,265.15744
2017-01-30 20:00:00,265.27655
2017-01-31 00:00:00,266.1998
2017-01-31 04:00:00,264.9437
2017-01-31 08:00:00,264.52753
2017-01-31 12:00:00,264.8344
2017-01-31 16:00:00,262.15588
2017-01-31 20:00:00,260.12036
2017-02-01 00:00:00,259.5469
2017-02-01 04:00:00,258.6332
2017-02-01 08:00:00,259.685
2017-02-01 12:00:00,261.17975
2017-02-01 16:00:00,260.48764
2017-02-01 20:00:00,259.18344
2017-02-02 00:00:00,258.70663
2017-02-02 04:00:00,258.35745
2017-02-02 08:00:00,260.01407
2017-02-02 12:00:00,261.9823
2017-02-02 16:00:00,263.18307
2017-02-02 20:00:00,263.2096
2017-02-03 00:00:00,262.32425
2017-02-03 04:00:00,261.61182
2017-02-03 08:00:00,264.3476
2017-02-03 12:00:00,266.56
2017-02-03 16:00:00,265.47928
2017-02-03 20:00:00,265.60632
2017-02-04 00:00:00,265.9184
2017-02-04 04:00:00,266.49216
2017-02-04 08:00:00,268.177
2017-02-04 12:00:00,266.99182
2017-02-04 16:00:00,263.81317
2017-02-04 20:00:00,263.30618
2017-02-05 00:00:00,262.932
2017-02-05 04:00:00,262.83932
2017-02-05 08:00:00,264.67804
2017-02-05 12:00:00,265.1133
2017-02-05 16:00:00,265.4367
2017-02-05 20:00:00,266.08286
2017-02-06 00:00:00,266.27084
2017-02-06 04:00:00,265.92456
2017-02-06 08:00:00,268.02747
2017-02-06 12:00:00,269.571
2017-02-06 16:00:00,269.02832
2017-02-06 20:00:00,268.4828
2017-02-07 00:00:00,268.5836
2017-02-07 04:00:00,269.24255
2017-02-07 08:00:00,270.02194
2017-02-07 12:00:00,270.58395
2017-02-07 16:00:00,269.60803
2017-02-07 20:00:00,268.64105
2017-02-08 00:00:00,267.02124
2017-02-08 04:00:00,263.95776
2017-02-08 08:00:00,262.75293
2017-02-08 12:00:00,262.5042
2017-02-08 16:00:00,261.77002
2017-02-08 20:00:00,261.25632
2017-02-09 00:00:00,260.4732
2017-02-09 04:00:00,261.13147
2017-02-09 08:00:00,263.27774
2017-02-09 12:00:00,265.3041
2017-02-09 16:00:00,265.3147
2017-02-09 20:00:00,265.5988
2017-02-10 00:00:00,266.22745
2017-02-10 04:00:00,265.89133
2017-02-10 08:00:00,266.07846
2017-02-10 12:00:00,265.98566
2017-02-10 16:00:00,264.40933
2017-02-10 20:00:00,262.72797
2017-02-11 00:00:00,261.79584
2017-02-11 04:00:00,261.37677
2017-02-11 08:00:00,262.9156
2017-02-11 12:00:00,263.28903
2017-02-11 16:00:00,261.74628
2017-02-11 20:00:00,261.2572
2017-02-12 00:00:00,260.77225
2017-02-12 04:00:00,259.99323
2017-02-12 08:00:00,261.73218
2017-02-12 12:00:00,264.05365
2017-02-12 16:00:00,264.24896
2017-02-12 20:00:00,263.13586
2017-02-13 00:00:00,263.6228
2017-02-13 04:00:00,263.87256
2017-02-13 08:00:00,265.6227
2017-02-13 12:00:00,267.50134
2017-02-13 16:00:00,267.63458
2017-02-13 20:00:00,267.04214
2017-02-14 00:00:00,265.8116
2017-02-14 04:00:00,263.64294
2017-02-14 08:00:00,265.13147
2017-02-14 12:00:00,266.9992
2017-02-14 16:00:00,267.03088
2017-02-14 20:00:00,267.12506
2017-02-15 00:00:00,267.51486
2017-02-15 04:00:00,268.06552
2017-02-15 08:00:00,267.87247
2017-02-15 12:00:00,267.47787
2017-02-15 16:00:00,266.72824
2017-02-15 20:00:00,266.10455
2017-02-16 00:00:00,264.8119
2017-02-16 04:00:00,263.66135
2017-02-16 08:00:00,265.23505
2017-02-16 12:00:00,267.02206
2017-02-16 16:00:00,267.30188
2017-02-16 20:00:00,267.5884
2017-02-17 00:00:00,268.43137
2017-02-17 04:00:00,269.86734
2017-02-17 08:00:00,269.9464
2017-02-17 12:00:00,269.92633
2017-02-17 16:00:00,269.16437
2017-02-17 20:00:00,268.61923
2017-02-18 00:00:00,268.11896
2017-02-18 04:00:00,267.53943
2017-02-18 08:00:00,267.50134
2017-02-18 12:00:00,267.50827
2017-02-18 16:00:00,267.07428
2017-02-18 20:00:00,266.22876
2017-02-19 00:00:00,265.62503
2017-02-19 04:00:00,265.26855
2017-02-19 08:00:00,266.717
2017-02-19 12:00:00,267.79343
2017-02-19 16:00:00,267.88174
2017-02-19 20:00:00,267.58066
2017-02-20 00:00:00,267.18167
2017-02-20 04:00:00,267.12582
2017-02-20 08:00:00,268.41208
2017-02-20 12:00:00,268.81793
2017-02-20 16:00:00,267.87607
2017-02-20 20:00:00,268.0157
2017-02-21 00:00:00,267.9586
2017-02-21 04:00:00,268.2148
2017-02-21 08:00:00,269.6942
2017-02-21 12:00:00,270.1814
2017-02-21 16:00:00,270.12247
2017-02-21 20:00:00,270.20126
2017-02-22 00:00:00,270.32043
2017-02-22 04:00:00,270.85376
2017-02-22 08:00:00,270.8417
2017-02-22 12:00:00,270.11197
2017-02-22 16:00:00,269.59814
2017-02-22 20:00:00,269.93262
2017-02-23 00:00:00,270.02698
2017-02-23 04:00:00,269.81686
2017-02-23 08:00:00,270.16504
2017-02-23 12:00:00,270.87177
2017-02-23 16:00:00,270.83395
2017-02-23 20:00:00,271.09412
2017-02-24 00:00:00,271.4483
2017-02-24 04:00:00,270.80756
2017-02-24 08:00:00,270.33826
2017-02-24 12:00:00,270.17215
2017-02-24 16:00:00,269.1251
2017-02-24 20:00:00,268.8963
2017-02-25 00:00:00,268.6726
2017-02-25 04:00:00,268.33868
2017-02-25 08:00:00,268.4815
2017-02-25 12:00:00,268.6086
2017-02-25 16:00:00,268.9464
2017-02-25 20:00:00,268.48868
2017-02-26 00:00:00,267.55838
2017-02-26 04:00:00,267.06903
2017-02-26 08:00:00,268.31766
2017-02-26 12:00:00,268.84625
2017-02-26 16:00:00,268.57486
2017-02-26 20:00:00,267.70996
2017-02-27 00:00:00,267.61035
2017-02-27 04:00:00,268.02383
2017-02-27 08:00:00,268.95782
2017-02-27 12:00:00,269.57193
2017-02-27 16:00:00,269.5809
2017-02-27 20:00:00,269.07968
2017-02-28 00:00:00,268.9754
2017-02-28 04:00:00,269.829
2017-02-28 08:00:00,271.1058
2017-02-28 12:00:00,270.9815
2017-02-28 16:00:00,270.2005
2017-02-28 20:00:00,269.53717
2017-03-01 00:00:00,268.40155
2017-03-01 04:00:00,267.96774
2017-03-01 08:00:00,268.9597
2017-03-01 12:00:00,269.47934
2017-03-01 16:00:00,268.8812
2017-03-01 20:00:00,268.38303
2017-03-02 00:00:00,267.77795
2017-03-02 04:00:00,267.78256
2017-03-02 08:00:00,268.22778
2017-03-02 12:00:00,267.83243
2017-03-02 16:00:00,266.9031
2017-03-02 20:00:00,267.04523
2017-03-03 00:00:00,266.7249
2017-03-03 04:00:00,267.36365
2017-03-03 08:00:00,268.48944
2017-03-03 12:00:00,268.45987
2017-03-03 16:00:00,268.29794
2017-03-03 20:00:00,267.97528
2017-03-04 00:00:00,267.52856
2017-03-04 04:00:00,266.87424
2017-03-04 08:00:00,267.68582
2017-03-04 12:00:00,268.05154
2017-03-04 16:00:00,267.08755
2017-03-04 20:00:00,265.46887
2017-03-05 00:00:00,263.8173
2017-03-05 04:00:00,263.08224
2017-03-05 08:00:00,265.70575
2017-03-05 12:00:00,267.2804
2017-03-05 16:00:00,267.40445
2017-03-05 20:00:00,266.05743
2017-03-06 00:00:00,266.00424
2017-03-06 04:00:00,266.95813
2017-03-06 08:00:00,267.28345
2017-03-06 12:00:00,268.15817
2017-03-06 16:00:00,269.1366
2017-03-06 20:00:00,268.37643
2017-03-07 00:00:00,266.0167
2017-03-07 04:00:00,264.39658
2017-03-07 08:00:00,263.69266
2017-03-07 12:00:00,263.13266
2017-03-07 16:00:00,262.93484
2017-03-07 20:00:00,262.96298
2017-03-08 00:00:00,262.39185
2017-03-08 04:00:00,262.42792
2017-03-08 08:00:00,262.74466
2017-03-08 12:00:00,262.7267
2017-03-08 16:00:00,262.6547
2017-03-08 20:00:00,262.21445
2017-03-09 00:00:00,261.52332
2017-03-09 04:00:00,261.44458
2017-03-09 08:00:00,262.4849
2017-03-09 12:00:00,263.58466
2017-03-09 16:00:00,263.33026
2017-03-09 20:00:00,262.52875
2017-03-10 00:00:00,262.2172
2017-03-10 04:00:00,262.4566
2017-03-10 08:00:00,264.03336
2017-03-10 12:00:00,266.05402
2017-03-10 16:00:00,266.18155
2017-03-10 20:00:00,266.56485
2017-03-11 00:00:00,266.88367
2017-03-11 04:00:00,266.7951
2017-03-11 08:00:00,266.78442
2017-03-11 12:00:00,266.2244
2017-03-11 16:00:00,265.26962
2017-03-11 20:00:00,264.9729
2017-03-12 00:00:00,264.98416
2017-03-12 04:00:00,265.1364
2017-03-12 08:00:00,265.9961
2017-03-12 12:00:00,266.21857
2017-03-12 16:00:00,265.865
2017-03-12 20:00:00,265.40555
2017-03-13 00:00:00,264.74155
2017-03-13 04:00:00,264.2665
2017-03-13 08:00:00,264.73846
2017-03-13 12:00:00,265.06705
2017-03-13 16:00:00,265.00696
2017-03-13 20:00:00,264.50632
2017-03-14 00:00:00,264.01617
2017-03-14 04:00:00,263.897
2017-03-14 08:00:00,265.20953
2017-03-14 12:00:00,266.50958
2017-03-14 16:00:00,265.9501
2017-03-14 20:00:00,265.94748
2017-03-15 00:00:00,266.23297
2017-03-15 04:00:00,266.90735
2017-03-15 08:00:00,267.60107
2017-03-15 12:00:00,268.52985
2017-03-15 16:00:00,268.4708
2017-03-15 20:00:00,268.3733
2017-03-16 00:00:00,270.17896
2017-03-16 04:00:00,269.79916
2017-03-16 08:00:00,270.35706
2017-03-16 12:00:00,270.39407
2017-03-16 16:00:00,269.7107
2017-03-16 20:00:00,269.03265
2017-03-17 00:00:00,268.97043
2017-03-17 04:00:00,268.62637
2017-03-17 08:00:00,269.64948
2017-03-17 12:00:00,270.36023
2017-03-17 16:00:00,269.99286
2017-03-17 20:00:00,267.8619
2017-03-18 00:00:00,267.03403
2017-03-18 04:00:00,267.42816
2017-03-18 08:00:00,268.73904
2017-03-18 12:00:00,270.02386
2017-03-18 16:00:00,270.27582
2017-03-18 20:00:00,269.90622
2017-03-19 00:00:00,269.49066
2017-03-19 04:00:00,269.72412
2017-03-19 08:00:00,271.03687
2017-03-19 12:00:00,271.51096
2017-03-19 16:00:00,271.4532
2017-03-19 20:00:00,271.7094
2017-03-20 00:00:00,271.7789
2017-03-20 04:00:00,271.5498
2017-03-20 08:00:00,271.39868
2017-03-20 12:00:00,271.22574
2017-03-20 16:00:00,270.78604
2017-03-20 20:00:00,269.89087
2017-03-21 00:00:00,269.7075
2017-03-21 04:00:00,270.196
2017-03-21 08:00:00,270.4637
2017-03-21 12:00:00,270.21143
2017-03-21 16:00:00,269.44766
2017-03-21 20:00:00,268.33575
2017-03-22 00:00:00,267.557
2017-03-22 04:00:00,268.1891
2017-03-22 08:00:00,269.57855
2017-03-22 12:00:00,270.5791
2017-03-22 16:00:00,269.91647
2017-03-22 20:00:00,268.9674
2017-03-23 00:00:00,268.53305
2017-03-23 04:00:00,269.0994
2017-03-23 08:00:00,270.6436
2017-03-23 12:00:00,276.9179
2017-03-23 16:00:00,276.67963
2017-03-23 20:00:00,276.04712
2017-03-24 00:00:00,275.7816
2017-03-24 04:00:00,276.33453
2017-03-24 08:00:00,277.90744
2017-03-24 12:00:00,278.8443
2017-03-24 16:00:00,278.52347
2017-03-24 20:00:00,278.20044
2017-03-25 00:00:00,277.9521
2017-03-25 04:00:00,278.0973
2017-03-25 08:00:00,278.75424
2017-03-25 12:00:00,278.93512
2017-03-25 16:00:00,278.52002
2017-03-25 20:00:00,277.8875
2017-03-26 00:00:00,276.4703
2017-03-26 04:00:00,276.19775
2017-03-26 08:00:00,277.4105
2017-03-26 12:00:00,278.10605
2017-03-26 16:00:00,277.46246
2017-03-26 20:00:00,276.79095
2017-03-27 00:00:00,275.94287
2017-03-27 04:00:00,276.48267
2017-03-27 08:00:00,278.23038
2017-03-27 12:00:00,278.97516
2017-03-27 16:00:00,278.90405
2017-03-27 20:00:00,278.5486
2017-03-28 00:00:00,277.86386
2017-03-28 04:00:00,277.2411
2017-03-28 08:00:00,277.93622
2017-03-28 12:00:00,278.7415
2017-03-28 16:00:00,278.72287
2017-03-28 20:00:00,278.59833
2017-03-29 00:00:00,278.58032
2017-03-29 04:00:00,279.36957
2017-03-29 08:00:00,280.83447
2017-03-29 12:00:00,281.49484
2017-03-29 16:00:00,281.48254
2017-03-29 20:00:00,280.3221
2017-03-30 00:00:00,278.83105
2017-03-30 04:00:00,277.8418
2017-03-30 08:00:00,278.25433
2017-03-30 12:00:00,279.02594
2017-03-30 16:00:00,278.71323
2017-03-30 20:00:00,278.08588
2017-03-31 00:00:00,277.21838
2017-03-31 04:00:00,277.3777
2017-03-31 08:00:00,277.8061
2017-03-31 12:00:00,278.038
2017-03-31 16:00:00,277.21094
2017-03-31 20:00:00,275.46973
2017-04-01 00:00:00,273.43863
2017-04-01 04:00:00,272.1848
2017-04-01 08:00:00,274.00833
2017-04-01 12:00:00,274.36865
2017-04-01 16:00:00,273.80072
2017-04-01 20:00:00,273.15585
2017-04-02 00:00:00,273.08798
2017-04-02 04:00:00,273.9709
2017-04-02 08:00:00,276.02698
2017-04-02 12:00:00,276.8187
2017-04-02 16:00:00,277.14728
2017-04-02 20:00:00,274.78162
2017-04-03 00:00:00,272.8344
2017-04-03 04:00:00,273.35397
2017-04-03 08:00:00,276.11108
2017-04-03 12:00:00,276.27628
2017-04-03 16:00:00,275.9498
2017-04-03 20:00:00,275.53455
2017-04-04 00:00:00,274.3854
2017-04-04 04:00:00,273.88892
2017-04-04 08:00:00,274.4954
2017-04-04 12:00:00,275.82098
2017-04-04 16:00:00,275.75406
2017-04-04 20:00:00,274.72995
2017-04-05 00:00:00,274.40442
2017-04-05 04:00:00,274.87402
2017-04-05 08:00:00,275.63034
2017-04-05 12:00:00,275.07483
2017-04-05 16:00:00,274.64813
2017-04-05 20:00:00,275.5092
2017-04-06 00:00:00,276.06674
2017-04-06 04:00:00,276.68863
2017-04-06 08:00:00,277.4053
2017-04-06 12:00:00,276.35397
2017-04-06 16:00:00,276.14005
2017-04-06 20:00:00,275.57825
2017-04-07 00:00:00,275.3849
2017-04-07 04:00:00,275.71127
2017-04-07 08:00:00,277.08682
2017-04-07 12:00:00,277.21158
2017-04-07 16:00:00,276.309
2017-04-07 20:00:00,275.40396
2017-04-08 00:00:00,274.91907
2017-04-08 04:00:00,274.67917
2017-04-08 08:00:00,274.71335
2017-04-08 12:00:00,274.94208
2017-04-08 16:00:00,274.69675
2017-04-08 20:00:00,274.35263
2017-04-09 00:00:00,273.81165
2017-04-09 04:00:00,273.57538
2017-04-09 08:00:00,274.08517
2017-04-09 12:00:00,274.456
2017-04-09 16:00:00,273.55814
2017-04-09 20:00:00,272.88635
2017-04-10 00:00:00,272.65436
2017-04-10 04:00:00,273.64868
2017-04-10 08:00:00,275.13498
2017-04-10 12:00:00,276.4787
2017-04-10 16:00:00,276.07428
2017-04-10 20:00:00,275.72653
2017-04-11 00:00:00,274.65854
2017-04-11 04:00:00,274.80865
2017-04-11 08:00:00,276.29333
2017-04-11 12:00:00,277.31198
2017-04-11 16:00:00,276.00867
2017-04-11 20:00:00,275.42377
2017-04-12 00:00:00,274.4
2017-04-12 04:00:00,275.4052
2017-04-12 08:00:00,276.4263
2017-04-12 12:00:00,277.06543
2017-04-12 16:00:00,277.12866
2017-04-12 20:00:00,276.89453
2017-04-13 00:00:00,276.477
2017-04-13 04:00:00,276.90536
2017-04-13 08:00:00,278.0244
2017-04-13 12:00:00,278.13135
2017-04-13 16:00:00,278.03415
2017-04-13 20:00:00,277.4077
2017-04-14 00:00:00,276.77563
2017-04-14 04:00:00,276.9391
2017-04-14 08:00:00,277.81186
2017-04-14 12:00:00,278.2172
2017-04-14 16:00:00,277.9041
2017-04-14 20:00:00,277.09958
2017-04-15 00:00:00,276.35947
2017-04-15 04:00:00,276.78073
2017-04-15 08:00:00,278.5114
2017-04-15 12:00:00,278.7679
2017-04-15 16:00:00,277.93475
2017-04-15 20:00:00,276.8191
2017-04-16 00:00:00,275.5783
2017-04-16 04:00:00,276.10464
2017-04-16 08:00:00,277.51874
2017-04-16 12:00:00,278.29657
2017-04-16 16:00:00,277.19482
2017-04-16 20:00:00,276.42282
2017-04-17 00:00:00,275.39386
2017-04-17 04:00:00,276.09784
2017-04-17 08:00:00,278.3825
2017-04-17 12:00:00,279.51273
2017-04-17 16:00:00,277.836
2017-04-17 20:00:00,276.48206
2017-04-18 00:00:00,275.1312
2017-04-18 04:00:00,275.71814
2017-04-18 08:00:00,278.1852
2017-04-18 12:00:00,279.54004
2017-04-18 16:00:00,278.35373
2017-04-18 20:00:00,277.40454
2017-04-19 00:00:00,277.1001
2017-04-19 04:00:00,278.2137
2017-04-19 08:00:00,280.27774
2017-04-19 12:00:00,281.44617
2017-04-19 16:00:00,280.0651
2017-04-19 20:00:00,279.2981
2017-04-20 00:00:00,278.3541
2017-04-20 04:00:00,278.45032
2017-04-20 08:00:00,278.65082
2017-04-20 12:00:00,279.5172
2017-04-20 16:00:00,278.95258
2017-04-20 20:00:00,278.69553
2017-04-21 00:00:00,277.4326
2017-04-21 04:00:00,277.47125
2017-04-21 08:00:00,279.2397
2017-04-21 12:00:00,280.01852
2017-04-21 16:00:00,278.88394
2017-04-21 20:00:00,278.18158
2017-04-22 00:00:00,276.48016
2017-04-22 04:00:00,276.17233
2017-04-22 08:00:00,276.84583
2017-04-22 12:00:00,277.76318
2017-04-22 16:00:00,277.74503
2017-04-22 20:00:00,277.10202
2017-04-23 00:00:00,276.48123
2017-04-23 04:00:00,276.83487
2017-04-23 08:00:00,278.78674
2017-04-23 12:00:00,280.29935
2017-04-23 16:00:00,280.27832
2017-04-23 20:00:00,278.63992
2017-04-24 00:00:00,277.47202
2017-04-24 04:00:00,278.07098
2017-04-24 08:00:00,279.58264
2017-04-24 12:00:00,280.70007
2017-04-24 16:00:00,279.303
2017-04-24 20:00:00,278.28436
2017-04-25 00:00:00,277.81915
2017-04-25 04:00:00,279.27292
2017-04-25 08:00:00,281.48337
2017-04-25 12:00:00,282.01053
2017-04-25 16:00:00,279.62207
2017-04-25 20:00:00,278.7376
2017-04-26 00:00:00,278.82965
2017-04-26 04:00:00,278.70715
2017-04-26 08:00:00,278.29163
2017-04-26 12:00:00,278.19635
2017-04-26 16:00:00,278.26068
2017-04-26 20:00:00,278.8372
2017-04-27 00:00:00,279.2913
2017-04-27 04:00:00,280.71915
2017-04-27 08:00:00,282.27414
2017-04-27 12:00:00,282.8021
2017-04-27 16:00:00,281.64142
2017-04-27 20:00:00,279.70685
2017-04-28 00:00:00,278.83487
2017-04-28 04:00:00,279.52032
2017-04-28 08:00:00,280.62115
2017-04-28 12:00:00,281.26178
2017-04-28 16:00:00,280.99194
2017-04-28 20:00:00,279.7393
2017-04-29 00:00:00,278.28644
2017-04-29 04:00:00,278.57266
2017-04-29 08:00:00,281.53116
2017-04-29 12:00:00,283.36893
2017-04-29 16:00:00,283.86414
2017-04-29 20:00:00,282.6976
2017-04-30 00:00:00,281.5519
2017-04-30 04:00:00,281.96127
2017-04-30 08:00:00,283.97205
2017-04-30 12:00:00,283.9814
2017-04-30 16:00:00,282.77643
2017-04-30 20:00:00,281.89148
2017-05-01 00:00:00,281.93237
2017-05-01 04:00:00,282.5456
2017-05-01 08:00:00,283.1243
2017-05-01 12:00:00,283.46896
2017-05-01 16:00:00,282.16586
2017-05-01 20:00:00,281.81094
2017-05-02 00:00:00,281.12558
2017-05-02 04:00:00,282.08078
2017-05-02 08:00:00,282.91006
2017-05-02 12:00:00,283.40057
2017-05-02 16:00:00,283.01102
2017-05-02 20:00:00,282.35358
2017-05-03 00:00:00,281.4426
2017-05-03 04:00:00,282.79922
2017-05-03 08:00:00,285.6779
2017-05-03 12:00:00,287.79855
2017-05-03 16:00:00,286.9435
2017-05-03 20:00:00,284.74817
2017-05-04 00:00:00,283.8846
2017-05-04 04:00:00,284.85046
2017-05-04 08:00:00,286.28607
2017-05-04 12:00:00,286.53082
2017-05-04 16:00:00,285.26154
2017-05-04 20:00:00,283.99908
2017-05-05 00:00:00,283.28006
2017-05-05 04:00:00,282.83878
2017-05-05 08:00:00,284.326
2017-05-05 12:00:00,283.55118
2017-05-05 16:00:00,284.22104
2017-05-05 20:00:00,283.95258
2017-05-06 00:00:00,283.40247
2017-05-06 04:00:00,284.25732
2017-05-06 08:00:00,285.8709
2017-05-06 12:00:00,287.42673
2017-05-06 16:00:00,286.8019
2017-05-06 20:00:00,286.417
2017-05-07 00:00:00,285.61005
2017-05-07 04:00:00,284.22
2017-05-07 08:00:00,284.05988
2017-05-07 12:00:00,283.40833
2017-05-07 16:00:00,282.58475
2017-05-07 20:00:00,281.8247
2017-05-08 00:00:00,280.9847
2017-05-08 04:00:00,281.1397
2017-05-08 08:00:00,283.20496
2017-05-08 12:00:00,285.018
2017-05-08 16:00:00,285.0636
2017-05-08 20:00:00,284.02704
2017-05-09 00:00:00,283.5455
2017-05-09 04:00:00,284.63858
2017-05-09 08:00:00,286.02304
2017-05-09 12:00:00,287.0945
2017-05-09 16:00:00,285.3337
2017-05-09 20:00:00,284.48978
2017-05-10 00:00:00,286.28378
2017-05-10 04:00:00,287.66565
2017-05-10 08:00:00,288.45898
2017-05-10 12:00:00,288.60666
2017-05-10 16:00:00,288.56708
2017-05-10 20:00:00,288.91214
2017-05-11 00:00:00,288.8268
2017-05-11 04:00:00,289.16272
2017-05-11 08:00:00,289.72504
2017-05-11 12:00:00,290.21393
2017-05-11 16:00:00,289.76205
2017-05-11 20:00:00,288.71533
2017-05-12 00:00:00,287.23996
2017-05-12 04:00:00,287.20978
2017-05-12 08:00:00,289.34866
2017-05-12 12:00:00,289.93622
2017-05-12 16:00:00,289.56146
2017-05-12 20:00:00,288.7832
2017-05-13 00:00:00,287.97125
2017-05-13 04:00:00,289.2064
2017-05-13 08:00:00,290.442
2017-05-13 12:00:00,289.7373
2017-05-13 16:00:00,288.30515
2017-05-13 20:00:00,287.7508
2017-05-14 00:00:00,287.08987
2017-05-14 04:00:00,288.1739
2017-05-14 08:00:00,290.54926
2017-05-14 12:00:00,291.2815
2017-05-14 16:00:00,290.20438
2017-05-14 20:00:00,288.55624
2017-05-15 00:00:00,287.1538
2017-05-15 04:00:00,288.32346
2017-05-15 08:00:00,290.50778
2017-05-15 12:00:00,291.44986
2017-05-15 16:00:00,289.87537
2017-05-15 20:00:00,289.32013
2017-05-16 00:00:00,287.2246
2017-05-16 04:00:00,287.1673
2017-05-16 08:00:00,288.4276
2017-05-16 12:00:00,289.20068
2017-05-16 16:00:00,288.8667
2017-05-16 20:00:00,287.7345
2017-05-17 00:00:00,287.22263
2017-05-17 04:00:00,286.91803
2017-05-17 08:00:00,286.88016
2017-05-17 12:00:00,286.7209
2017-05-17 16:00:00,286.38028
2017-05-17 20:00:00,285.30444
2017-05-18 00:00:00,284.78824
2017-05-18 04:00:00,285.4498
2017-05-18 08:00:00,286.45963
2017-05-18 12:00:00,286.39883
2017-05-18 16:00:00,285.95813
2017-05-18 20:00:00,284.51785
2017-05-19 00:00:00,283.37442
2017-05-19 04:00:00,284.0083
2017-05-19 08:00:00,286.22977
2017-05-19 12:00:00,287.33783
2017-05-19 16:00:00,286.7421
2017-05-19 20:00:00,285.81262
2017-05-20 00:00:00,285.29623
2017-05-20 04:00:00,286.237
2017-05-20 08:00:00,289.0455
2017-05-20 12:00:00,289.56537
2017-05-20 16:00:00,289.27158
2017-05-20 20:00:00,287.78412
2017-05-21 00:00:00,286.37817
2017-05-21 04:00:00,286.78607
2017-05-21 08:00:00,288.08575
2017-05-21 12:00:00,288.74478
2017-05-21 16:00:00,286.93457
2017-05-21 20:00:00,285.71646
2017-05-22 00:00:00,285.24298
2017-05-22 04:00:00,285.128
2017-05-22 08:00:00,286.24832
2017-05-22 12:00:00,287.012
2017-05-22 16:00:00,286.5898
2017-05-22 20:00:00,285.46933
2017-05-23 00:00:00,284.8235
2017-05-23 04:00:00,285.73795
2017-05-23 08:00:00,287.4741
2017-05-23 12:00:00,288.2351
2017-05-23 16:00:00,287.6465
2017-05-23 20:00:00,286.92114
2017-05-24 00:00:00,286.6313
2017-05-24 04:00:00,286.58344
2017-05-24 08:00:00,286.88538
2017-05-24 12:00:00,286.64798
2017-05-24 16:00:00,286.75754
2017-05-24 20:00:00,286.4133
2017-05-25 00:00:00,285.95633
2017-05-25 04:00:00,286.15625
2017-05-25 08:00:00,286.94388
2017-05-25 12:00:00,288.14273
2017-05-25 16:00:00,287.05966
2017-05-25 20:00:00,285.611
2017-05-26 00:00:00,284.86627
2017-05-26 04:00:00,285.6227
2017-05-26 08:00:00,287.02927
2017-05-26 12:00:00,287.64706
2017-05-26 16:00:00,287.46393
2017-05-26 20:00:00,285.97726
2017-05-27 00:00:00,285.3041
2017-05-27 04:00:00,285.66275
2017-05-27 08:00:00,286.43738
2017-05-27 12:00:00,287.20364
2017-05-27 16:00:00,287.05002
2017-05-27 20:00:00,285.85074
2017-05-28 00:00:00,284.89423
2017-05-28 04:00:00,285.98645
2017-05-28 08:00:00,287.56403
2017-05-28 12:00:00,288.43213
2017-05-28 16:00:00,286.6377
2017-05-28 20:00:00,285.69165
2017-05-29 00:00:00,285.28152
2017-05-29 04:00:00,285.9123
2017-05-29 08:00:00,287.57324
2017-05-29 12:00:00,288.44812
2017-05-29 16:00:00,287.69046
2017-05-29 20:00:00,286.66345
2017-05-30 00:00:00,285.79178
2017-05-30 04:00:00,286.03683
2017-05-30 08:00:00,287.1324
2017-05-30 12:00:00,287.68387
2017-05-30 16:00:00,287.66644
2017-05-30 20:00:00,286.9525
2017-05-31 00:00:00,286.42062
2017-05-31 04:00:00,286.20322
2017-05-31 08:00:00,286.72403
2017-05-31 12:00:00,286.48615
2017-05-31 16:00:00,286.2042
2017-05-31 20:00:00,286.60214
2017-06-01 00:00:00,285.89267
2017-06-01 04:00:00,286.7416
2017-06-01 08:00:00,287.1515
2017-06-01 12:00:00,287.2576
2017-06-01 16:00:00,287.69873
2017-06-01 20:00:00,286.75482
2017-06-02 00:00:00,285.92612
2017-06-02 04:00:00,286.03018
2017-06-02 08:00:00,287.94083
2017-06-02 12:00:00,288.35733
2017-06-02 16:00:00,288.5856
2017-06-02 20:00:00,287.61856
2017-06-03 00:00:00,286.72406
2017-06-03 04:00:00,287.6885
2017-06-03 08:00:00,289.21426
2017-06-03 12:00:00,290.4139
2017-06-03 16:00:00,290.21317
2017-06-03 20:00:00,289.60547
2017-06-04 00:00:00,289.12576
2017-06-04 04:00:00,289.65027
2017-06-04 08:00:00,290.31693
2017-06-04 12:00:00,290.90973
2017-06-04 16:00:00,290.90402
2017-06-04 20:00:00,289.4101
2017-06-05 00:00:00,288.03757
2017-06-05 04:00:00,289.0343
2017-06-05 08:00:00,291.67258
2017-06-05 12:00:00,292.00232
2017-06-05 16:00:00,291.36014
2017-06-05 20:00:00,289.80548
2017-06-06 00:00:00,288.53558
2017-06-06 04:00:00,288.3625
2017-06-06 08:00:00,288.85867
2017-06-06 12:00:00,289.96317
2017-06-06 16:00:00,289.31662
2017-06-06 20:00:00,288.23947
2017-06-07 00:00:00,288.7164
2017-06-07 04:00:00,289.0772
2017-06-07 08:00:00,289.3456
2017-06-07 12:00:00,289.99677
2017-06-07 16:00:00,289.83844
2017-06-07 20:00:00,288.745
2017-06-08 00:00:00,287.51935
2017-06-08 04:00:00,288.25662
2017-06-08 08:00:00,289.76245
2017-06-08 12:00:00,290.78442
2017-06-08 16:00:00,290.00516
2017-06-08 20:00:00,288.34415
2017-06-09 00:00:00,287.16302
2017-06-09 04:00:00,288.6414
2017-06-09 08:00:00,290.3282
2017-06-09 12:00:00,290.55066
2017-06-09 16:00:00,289.49908
2017-06-09 20:00:00,288.20148
2017-06-10 00:00:00,286.63043
2017-06-10 04:00:00,288.0738
2017-06-10 08:00:00,290.5726
2017-06-10 12:00:00,291.44028
2017-06-10 16:00:00,290.57596
2017-06-10 20:00:00,289.59784
2017-06-11 00:00:00,288.2613
2017-06-11 04:00:00,288.54053
2017-06-11 08:00:00,289.0263
2017-06-11 12:00:00,290.0786
2017-06-11 16:00:00,289.80194
2017-06-11 20:00:00,288.61472
2017-06-12 00:00:00,286.43655
2017-06-12 04:00:00,287.07602
2017-06-12 08:00:00,289.74918
2017-06-12 12:00:00,290.84067
2017-06-12 16:00:00,290.03934
2017-06-12 20:00:00,288.2547
2017-06-13 00:00:00,287.16656
2017-06-13 04:00:00,287.15845
2017-06-13 08:00:00,287.47354
2017-06-13 12:00:00,287.5003
2017-06-13 16:00:00,286.64874
2017-06-13 20:00:00,286.2928
2017-06-14 00:00:00,286.32516
2017-06-14 04:00:00,286.79865
2017-06-14 08:00:00,287.37653
2017-06-14 12:00:00,288.26495
2017-06-14 16:00:00,288.65912
2017-06-14 20:00:00,287.5883
2017-06-15 00:00:00,286.33972
2017-06-15 04:00:00,287.8786
2017-06-15 08:00:00,289.86618
2017-06-15 12:00:00,291.0041
2017-06-15 16:00:00,290.41174
2017-06-15 20:00:00,288.59634
2017-06-16 00:00:00,287.5935
2017-06-16 04:00:00,287.78738
2017-06-16 08:00:00,289.16006
2017-06-16 12:00:00,289.73273
2017-06-16 16:00:00,289.6878
2017-06-16 20:00:00,287.8711
2017-06-17 00:00:00,286.85022
2017-06-17 04:00:00,287.52832
2017-06-17 08:00:00,288.8043
2017-06-17 12:00:00,289.43353
2017-06-17 16:00:00,289.95786
2017-06-17 20:00:00,288.39334
2017-06-18 00:00:00,286.8716
2017-06-18 04:00:00,288.09045
2017-06-18 08:00:00,290.39276
2017-06-18 12:00:00,291.48734
2017-06-18 16:00:00,290.53442
2017-06-18 20:00:00,288.7456
2017-06-19 00:00:00,287.54944
2017-06-19 04:00:00,288.90747
2017-06-19 08:00:00,290.36777
2017-06-19 12:00:00,291.14728
2017-06-19 16:00:00,290.11066
2017-06-19 20:00:00,289.15295
2017-06-20 00:00:00,288.48477
2017-06-20 04:00:00,289.2736
2017-06-20 08:00:00,290.9348
2017-06-20 12:00:00,292.27505
2017-06-20 16:00:00,292.27243
2017-06-20 20:00:00,290.9243
2017-06-21 00:00:00,289.34344
2017-06-21 04:00:00,290.6458
2017-06-21 08:00:00,292.74286
2017-06-21 12:00:00,293.7714
2017-06-21 16:00:00,292.45148
2017-06-21 20:00:00,290.33875
2017-06-22 00:00:00,289.03268
2017-06-22 04:00:00,291.0161
2017-06-22 08:00:00,292.43585
2017-06-22 12:00:00,292.7098
2017-06-22 16:00:00,291.299
2017-06-22 20:00:00,290.3584
2017-06-23 00:00:00,289.57047
2017-06-23 04:00:00,289.33005
2017-06-23 08:00:00,289.28464
2017-06-23 12:00:00,289.82495
2017-06-23 16:00:00,289.47403
2017-06-23 20:00:00,287.96146
2017-06-24 00:00:00,286.8663
2017-06-24 04:00:00,287.64352
2017-06-24 08:00:00,288.87787
2017-06-24 12:00:00,289.68176
2017-06-24 16:00:00,289.2853
2017-06-24 20:00:00,288.5366
2017-06-25 00:00:00,287.3728
2017-06-25 04:00:00,288.0795
2017-06-25 08:00:00,290.31604
2017-06-25 12:00:00,291.61325
2017-06-25 16:00:00,291.37057
2017-06-25 20:00:00,289.63464
2017-06-26 00:00:00,288.25467
2017-06-26 04:00:00,288.67273
2017-06-26 08:00:00,290.32077
2017-06-26 12:00:00,291.64334
2017-06-26 16:00:00,291.91293
2017-06-26 20:00:00,290.0692
2017-06-27 00:00:00,288.73883
2017-06-27 04:00:00,288.8873
2017-06-27 08:00:00,289.69
2017-06-27 12:00:00,291.21414
2017-06-27 16:00:00,291.49078
2017-06-27 20:00:00,290.61145
2017-06-28 00:00:00,289.52866
2017-06-28 04:00:00,289.87427
2017-06-28 08:00:00,291.24078
2017-06-28 12:00:00,292.03903
2017-06-28 16:00:00,291.61472
2017-06-28 20:00:00,290.54962
2017-06-29 00:00:00,289.2403
2017-06-29 04:00:00,289.35693
2017-06-29 08:00:00,290.10733
2017-06-29 12:00:00,289.74637
2017-06-29 16:00:00,288.6979
2017-06-29 20:00:00,287.33362
2017-06-30 00:00:00,285.98636
2017-06-30 04:00:00,286.44562
2017-06-30 08:00:00,287.6032
2017-06-30 12:00:00,288.67444
2017-06-30 16:00:00,288.9824
2017-06-30 20:00:00,287.19498
2017-07-01 00:00:00,286.39413
2017-07-01 04:00:00,286.70645
2017-07-01 08:00:00,287.60764
2017-07-01 12:00:00,288.28323
2017-07-01 16:00:00,288.69342
2017-07-01 20:00:00,288.2192
2017-07-02 00:00:00,287.14996
2017-07-02 04:00:00,287.59314
2017-07-02 08:00:00,289.12228
2017-07-02 12:00:00,290.07947
2017-07-02 16:00:00,289.63162
2017-07-02 20:00:00,288.28757
2017-07-03 00:00:00,287.63
2017-07-03 04:00:00,288.66153
2017-07-03 08:00:00,289.22253
2017-07-03 12:00:00,289.53748
2017-07-03 16:00:00,289.19925
2017-07-03 20:00:00,288.5447
2017-07-04 00:00:00,288.26248
2017-07-04 04:00:00,288.8724
2017-07-04 08:00:00,288.76538
2017-07-04 12:00:00,289.54062
2017-07-04 16:00:00,288.73782
2017-07-04 20:00:00,288.83224
2017-07-05 00:00:00,288.7521
2017-07-05 04:00:00,289.203
2017-07-05 08:00:00,289.7063
2017-07-05 12:00:00,290.16968
2017-07-05 16:00:00,290.06396
2017-07-05 20:00:00,289.24222
2017-07-06 00:00:00,288.61737
2017-07-06 04:00:00,288.7066
2017-07-06 08:00:00,289.84222
2017-07-06 12:00:00,289.75317
2017-07-06 16:00:00,289.49448
2017-07-06 20:00:00,289.68954
2017-07-07 00:00:00,289.4896
2017-07-07 04:00:00,289.65933
2017-07-07 08:00:00,290.04572
2017-07-07 12:00:00,289.88724
2017-07-07 16:00:00,289.44165
2017-07-07 20:00:00,289.3733
2017-07-08 00:00:00,289.12082
2017-07-08 04:00:00,289.38214
2017-07-08 08:00:00,289.37094
2017-07-08 12:00:00,289.45706
2017-07-08 16:00:00,289.13464
2017-07-08 20:00:00,288.92935
2017-07-09 00:00:00,288.83444
2017-07-09 04:00:00,290.81793
2017-07-09 08:00:00,291.1479
2017-07-09 12:00:00,291.55264
2017-07-09 16:00:00,292.7861
2017-07-09 20:00:00,292.1794
2017-07-10 00:00:00,292.10016
2017-07-10 04:00:00,292.81653
2017-07-10 08:00:00,293.43015
2017-07-10 12:00:00,294.0239
2017-07-10 16:00:00,293.8755
2017-07-10 20:00:00,293.38907
2017-07-11 00:00:00,293.1221
2017-07-11 04:00:00,293.41522
2017-07-11 08:00:00,293.5132
2017-07-11 12:00:00,294.12494
2017-07-11 16:00:00,294.37448
2017-07-11 20:00:00,294.07632
2017-07-12 00:00:00,293.75897
2017-07-12 04:00:00,294.31787
2017-07-12 08:00:00,295.0525
2017-07-12 12:00:00,295.4071
2017-07-12 16:00:00,294.73065
2017-07-12 20:00:00,293.98303
2017-07-13 00:00:00,293.86584
2017-07-13 04:00:00,294.454
2017-07-13 08:00:00,295.42093
2017-07-13 12:00:00,295.8779
2017-07-13 16:00:00,295.49515
2017-07-13 20:00:00,294.96524
2017-07-14 00:00:00,295.00803
2017-07-14 04:00:00,295.62213
2017-07-14 08:00:00,296.31253
2017-07-14 12:00:00,296.93787
2017-07-14 16:00:00,296.67593
2017-07-14 20:00:00,295.80328
2017-07-15 00:00:00,295.2268
2017-07-15 04:00:00,296.6462
2017-07-15 08:00:00,298.14444
2017-07-15 12:00:00,298.0014
2017-07-15 16:00:00,297.99817
2017-07-15 20:00:00,297.7268
2017-07-16 00:00:00,297.50818
2017-07-16 04:00:00,298.7693
2017-07-16 08:00:00,299.73
2017-07-16 12:00:00,300.1251
2017-07-16 16:00:00,299.77026
2017-07-16 20:00:00,299.50577
2017-07-17 00:00:00,299.5305
2017-07-17 04:00:00,300.45206
2017-07-17 08:00:00,301.21948
2017-07-17 12:00:00,301.24582
2017-07-17 16:00:00,301.0466
2017-07-17 20:00:00,300.31555
2017-07-18 00:00:00,300.13257
2017-07-18 04:00:00,301.10516
2017-07-18 08:00:00,301.94604
2017-07-18 12:00:00,302.5341
2017-07-18 16:00:00,302.20566
2017-07-18 20:00:00,302.54852
2017-07-19 00:00:00,302.86115
2017-07-19 04:00:00,304.27847
2017-07-19 08:00:00,304.8659
2017-07-19 12:00:00,304.83096
2017-07-19 16:00:00,304.56128
2017-07-19 20:00:00,304.40274
2017-07-20 00:00:00,304.00424
2017-07-20 04:00:00,305.6156
2017-07-20 08:00:00,306.22107
2017-07-20 12:00:00,306.40866
2017-07-20 16:00:00,305.96198
2017-07-20 20:00:00,305.42682
2017-07-21 00:00:00,305.3998
2017-07-21 04:00:00,305.99106
2017-07-21 08:00:00,306.8379
2017-07-21 12:00:00,308.34695
2017-07-21 16:00:00,308.06363
2017-07-21 20:00:00,307.6224
2017-07-22 00:00:00,307.84955
2017-07-22 04:00:00,308.97296
2017-07-22 08:00:00,309.52072
2017-07-22 12:00:00,309.83994
2017-07-22 16:00:00,309.47684
2017-07-22 20:00:00,309.0193
2017-07-23 00:00:00,308.72556
2017-07-23 04:00:00,309.76953
2017-07-23 08:00:00,311.68997
2017-07-23 12:00:00,311.98056
2017-07-23 16:00:00,311.5905
2017-07-23 20:00:00,311.44315
2017-07-24 00:00:00,311.2099
2017-07-24 04:00:00,311.9336
2017-07-24 08:00:00,312.55927
2017-07-24 12:00:00,312.8986
2017-07-24 16:00:00,312.57614
2017-07-24 20:00:00,312.08566
2017-07-25 00:00:00,311.69513
2017-07-25 04:00:00,312.8198
2017-07-25 08:00:00,313.34732
2017-07-25 12:00:00,314.32764
2017-07-25 16:00:00,314.0152
2017-07-25 20:00:00,313.90582
2017-07-26 00:00:00,313.8634
2017-07-26 04:00:00,314.22598
2017-07-26 08:00:00,315.16998
2017-07-26 12:00:00,315.52182
2017-07-26 16:00:00,315.81424
2017-07-26 20:00:00,315.448
2017-07-27 00:00:00,315.37732
2017-07-27 04:00:00,316.0406
2017-07-27 08:00:00,316.47827
2017-07-27 12:00:00,316.1384
2017-07-27 16:00:00,315.7117
2017-07-27 20:00:00,315.22955
2017-07-28 00:00:00,315.078
2017-07-28 04:00:00,316.36295
2017-07-28 08:00:00,317.27185
2017-07-28 12:00:00,317.76785
2017-07-28 16:00:00,317.3664
2017-07-28 20:00:00,316.83282
2017-07-29 00:00:00,316.70425
2017-07-29 04:00:00,317.80832
2017-07-29 08:00:00,318.6572
2017-07-29 12:00:00,318.85574
2017-07-29 16:00:00,318.47516
2017-07-29 20:00:00,318.24933
2017-07-30 00:00:00,318.4206
2017-07-30 04:00:00,320.64545
2017-07-30 08:00:00,321.44644
2017-07-30 12:00:00,321.12967
2017-07-30 16:00:00,320.91144
2017-07-30 20:00:00,321.01465
2017-07-31 00:00:00,320.95715
2017-07-31 04:00:00,321.51947
2017-07-31 08:00:00,322.12607
2017-07-31 12:00:00,322.56125
2017-07-31 16:00:00,322.6007
2017-07-31 20:00:00,322.19467
2017-08-01 00:00:00,321.96155
2017-08-01 04:00:00,322.84
2017-08-01 08:00:00,323.58646
2017-08-01 12:00:00,324.1119
2017-08-01 16:00:00,323.6762
2017-08-01 20:00:00,323.14456
2017-08-02 00:00:00,323.04904
2017-08-02 04:00:00,323.72058
2017-08-02 08:00:00,324.77896
2017-08-02 12:00:00,325.36084
2017-08-02 16:00:00,325.1569
2017-08-02 20:00:00,324.46872
2017-08-03 00:00:00,324.45404
2017-08-03 04:00:00,325.20514
2017-08-03 08:00:00,326.05533
2017-08-03 12:00:00,326.40347
2017-08-03 16:00:00,325.94846
2017-08-03 20:00:00,325.52008
2017-08-04 00:00:00,325.30576
2017-08-04 04:00:00,326.14108
2017-08-04 08:00:00,327.02386
2017-08-04 12:00:00,328.27335
2017-08-04 16:00:00,327.72662
2017-08-04 20:00:00,327.03305
2017-08-05 00:00:00,326.76993
2017-08-05 04:00:00,327.22812
2017-08-05 08:00:00,327.78918
2017-08-05 12:00:00,328.1442
2017-08-05 16:00:00,327.89835
2017-08-05 20:00:00,327.40317
2017-08-06 00:00:00,327.04883
2017-08-06 04:00:00,327.79462
2017-08-06 08:00:00,328.29517
2017-08-06 12:00:00,329.1992
2017-08-06 16:00:00,328.9478
2017-08-06 20:00:00,328.37903
2017-08-07 00:00:00,327.97086
2017-08-07 04:00:00,328.32837
2017-08-07 08:00:00,328.7403
2017-08-07 12:00:00,329.1109
2017-08-07 16:00:00,328.9007
2017-08-07 20:00:00,328.57117
2017-08-08 00:00:00,328.3418
2017-08-08 04:00:00,328.77484
2017-08-08 08:00:00,329.3087
2017-08-08 12:00:00,329.47836
2017-08-08 16:00:00,329.42682
2017-08-08 20:00:00,329.1487
2017-08-09 00:00:00,329.02405
2017-08-09 04:00:00,329.65622
2017-08-09 08:00:00,331.02414
2017-08-09 12:00:00,331.71326
2017-08-09 16:00:00,331.2973
2017-08-09 20:00:00,330.8496
2017-08-10 00:00:00,330.64975
2017-08-10 04:00:00,331.46048
2017-08-10 08:00:00,332.23737
2017-08-10 12:00:00,332.69064
2017-08-10 16:00:00,332.1773
2017-08-10 20:00:00,333.2431
2017-08-11 00:00:00,333.3715
2017-08-11 04:00:00,334.1437
2017-08-11 08:00:00,334.7874
2017-08-11 12:00:00,334.8089
2017-08-11 16:00:00,334.19107
2017-08-11 20:00:00,333.91287
2017-08-12 00:00:00,333.88858
2017-08-12 04:00:00,334.5614
2017-08-12 08:00:00,334.71463
2017-08-12 12:00:00,334.95984
2017-08-12 16:00:00,334.9826
2017-08-12 20:00:00,334.6029
2017-08-13 00:00:00,334.2859
2017-08-13 04:00:00,334.87558
2017-08-13 08:00:00,335.32513
2017-08-13 12:00:00,335.60083
2017-08-13 16:00:00,335.15793
2017-08-13 20:00:00,334.64545
2017-08-14 00:00:00,334.3024
2017-08-14 04:00:00,335.07153
2017-08-14 08:00:00,335.98032
2017-08-14 12:00:00,337.12936
2017-08-14 16:00:00,336.64984
2017-08-14 20:00:00,335.96375
2017-08-15 00:00:00,335.81067
2017-08-15 04:00:00,336.35913
2017-08-15 08:00:00,336.80054
2017-08-15 12:00:00,336.70923
2017-08-15 16:00:00,336.339
2017-08-15 20:00:00,335.88766
2017-08-16 00:00:00,335.71466
2017-08-16 04:00:00,336.10684
2017-08-16 08:00:00,336.67062
2017-08-16 12:00:00,337.10745
2017-08-16 16:00:00,336.86636
2017-08-16 20:00:00,336.51443
2017-08-17 00:00:00,336.1206
2017-08-17 04:00:00,336.37015
2017-08-17 08:00:00,336.86398
2017-08-17 12:00:00,336.0859
2017-08-17 16:00:00,335.91132
2017-08-17 20:00:00,335.65576
2017-08-18 00:00:00,335.5196
2017-08-18 04:00:00,335.7094
2017-08-18 08:00:00,335.9465
2017-08-18 12:00:00,336.26837
2017-08-18 16:00:00,336.01364
2017-08-18 20:00:00,335.44574
2017-08-19 00:00:00,335.53558
2017-08-19 04:00:00,335.94174
2017-08-19 08:00:00,336.61636
2017-08-19 12:00:00,336.74222
2017-08-19 16:00:00,336.50656
2017-08-19 20:00:00,335.7571
2017-08-20 00:00:00,335.12558
2017-08-20 04:00:00,335.75366
2017-08-20 08:00:00,336.28546
2017-08-20 12:00:00,336.36996
2017-08-20 16:00:00,335.853
2017-08-20 20:00:00,335.17563
2017-08-21 00:00:00,334.92776
2017-08-21 04:00:00,335.16974
2017-08-21 08:00:00,335.33365
2017-08-21 12:00:00,335.5071
2017-08-21 16:00:00,335.11588
2017-08-21 20:00:00,334.4593
2017-08-22 00:00:00,334.18097
2017-08-22 04:00:00,334.81778
2017-08-22 08:00:00,335.2006
2017-08-22 12:00:00,335.54416
2017-08-22 16:00:00,335.00626
2017-08-22 20:00:00,334.55334
2017-08-23 00:00:00,334.4498
2017-08-23 04:00:00,334.95142
2017-08-23 08:00:00,335.16263
2017-08-23 12:00:00,335.33167
2017-08-23 16:00:00,334.97162
2017-08-23 20:00:00,334.35632
2017-08-24 00:00:00,334.24808
2017-08-24 04:00:00,334.63623
2017-08-24 08:00:00,335.0159
2017-08-24 12:00:00,335.16632
2017-08-24 16:00:00,334.55212
2017-08-24 20:00:00,333.7442
2017-08-25 00:00:00,333.6086
2017-08-25 04:00:00,334.51224
2017-08-25 08:00:00,335.3271
2017-08-25 12:00:00,335.6296
2017-08-25 16:00:00,335.18976
2017-08-25 20:00:00,334.53934
2017-08-26 00:00:00,334.28952
2017-08-26 04:00:00,334.85413
2017-08-26 08:00:00,335.2697
2017-08-26 12:00:00,335.66382
2017-08-26 16:00:00,335.27637
2017-08-26 20:00:00,334.7497
2017-08-27 00:00:00,334.4442
2017-08-27 04:00:00,334.96457
2017-08-27 08:00:00,335.2434
2017-08-27 12:00:00,335.23547
2017-08-27 16:00:00,334.4959
2017-08-27 20:00:00,333.63855
2017-08-28 00:00:00,333.66876
2017-08-28 04:00:00,333.96866
2017-08-28 08:00:00,334.34232
2017-08-28 12:00:00,334.2073
2017-08-28 16:00:00,333.63153
2017-08-28 20:00:00,333.29926
2017-08-29 00:00:00,333.5629
2017-08-29 04:00:00,334.4704
2017-08-29 08:00:00,335.15665
2017-08-29 12:00:00,335.19016
2017-08-29 16:00:00,334.65372
2017-08-29 20:00:00,334.36005
2017-08-30 00:00:00,334.5298
2017-08-30 04:00:00,335.15106
2017-08-30 08:00:00,335.5915
2017-08-30 12:00:00,335.62637
2017-08-30 16:00:00,335.32004
2017-08-30 20:00:00,334.94302
2017-08-31 00:00:00,334.79028
2017-08-31 04:00:00,335.4166
2017-08-31 08:00:00,335.86847
2017-08-31 12:00:00,335.9013
2017-08-31 16:00:00,335.3781
2017-08-31 20:00:00,334.7372
2017-09-01 00:00:00,334.75073
2017-09-01 04:00:00,335.3257
2017-09-01 08:00:00,335.60928
2017-09-01 12:00:00,335.63174
2017-09-01 16:00:00,335.26315
2017-09-01 20:00:00,334.8712
2017-09-02 00:00:00,334.98035
2017-09-02 04:00:00,335.3965
2017-09-02 08:00:00,335.83496
2017-09-02 12:00:00,335.68945
2017-09-02 16:00:00,335.079
2017-09-02 20:00:00,334.5882
2017-09-03 00:00:00,334.6219
2017-09-03 04:00:00,335.1248
2017-09-03 08:00:00,335.61108
2017-09-03 12:00:00,335.42963
2017-09-03 16:00:00,334.83533
2017-09-03 20:00:00,334.2455
2017-09-04 00:00:00,334.12527
2017-09-04 04:00:00,334.46753
2017-09-04 08:00:00,334.81705
2017-09-04 12:00:00,334.92883
2017-09-04 16:00:00,334.5509
2017-09-04 20:00:00,334.0458
2017-09-05 00:00:00,333.7973
2017-09-05 04:00:00,334.24298
2017-09-05 08:00:00,334.66922
2017-09-05 12:00:00,334.66882
2017-09-05 16:00:00,334.48254
2017-09-05 20:00:00,334.23615
2017-09-06 00:00:00,334.18033
2017-09-06 04:00:00,334.77365
2017-09-06 08:00:00,335.47583
2017-09-06 12:00:00,335.6941
2017-09-06 16:00:00,335.28238
2017-09-06 20:00:00,334.6847
2017-09-07 00:00:00,334.6797
2017-09-07 04:00:00,335.5875
2017-09-07 08:00:00,336.28113
2017-09-07 12:00:00,336.235
2017-09-07 16:00:00,335.59262
2017-09-07 20:00:00,335.017
2017-09-08 00:00:00,334.96146
2017-09-08 04:00:00,335.5135
2017-09-08 08:00:00,336.19147
2017-09-08 12:00:00,336.39838
2017-09-08 16:00:00,336.0023
2017-09-08 20:00:00,335.6447
2017-09-09 00:00:00,335.59097
2017-09-09 04:00:00,336.09525
2017-09-09 08:00:00,336.42517
2017-09-09 12:00:00,336.47937
2017-09-09 16:00:00,335.92078
2017-09-09 20:00:00,335.52423
2017-09-10 00:00:00,335.54456
2017-09-10 04:00:00,335.79398
2017-09-10 08:00:00,335.90842
2017-09-10 12:00:00,335.47595
2017-09-10 16:00:00,334.89722
2017-09-10 20:00:00,334.5649
2017-09-11 00:00:00,334.62747
2017-09-11 04:00:00,334.99588
2017-09-11 08:00:00,335.32196
2017-09-11 12:00:00,335.13675
2017-09-11 16:00:00,334.81677
2017-09-11 20:00:00,334.4579
2017-09-12 00:00:00,334.38733
2017-09-12 04:00:00,334.7207
2017-09-12 08:00:00,334.98993
2017-09-12 12:00:00,335.07523
2017-09-12 16:00:00,334.81577
2017-09-12 20:00:00,334.4399
2017-09-13 00:00:00,334.3956
2017-09-13 04:00:00,334.73462
2017-09-13 08:00:00,335.02838
2017-09-13 12:00:00,335.01447
2017-09-13 16:00:00,334.4609
2017-09-13 20:00:00,334.29663
2017-09-14 00:00:00,334.32172
2017-09-14 04:00:00,334.9712
2017-09-14 08:00:00,335.3038
2017-09-14 12:00:00,335.11026
2017-09-14 16:00:00,334.7711
2017-09-14 20:00:00,334.7343
2017-09-15 00:00:00,334.93533
2017-09-15 04:00:00,335.37662
2017-09-15 08:00:00,335.7541
2017-09-15 12:00:00,335.79507
2017-09-15 16:00:00,335.5678
2017-09-15 20:00:00,335.35254
2017-09-16 00:00:00,335.33002
2017-09-16 04:00:00,335.4985
2017-09-16 08:00:00,335.63782
2017-09-16 12:00:00,335.67767
2017-09-16 16:00:00,335.1617
2017-09-16 20:00:00,334.86703
2017-09-17 00:00:00,334.8321
2017-09-17 04:00:00,335.2687
2017-09-17 08:00:00,335.66425
2017-09-17 12:00:00,335.65088
2017-09-17 16:00:00,335.0183
2017-09-17 20:00:00,334.77112
2017-09-18 00:00:00,334.66003
2017-09-18 04:00:00,334.71747
2017-09-18 08:00:00,335.21613
2017-09-18 12:00:00,335.0478
2017-09-18 16:00:00,334.55725
2017-09-18 20:00:00,334.44778
2017-09-19 00:00:00,334.46338
2017-09-19 04:00:00,334.7175
2017-09-19 08:00:00,334.91992
2017-09-19 12:00:00,335.03937
2017-09-19 16:00:00,334.7268
2017-09-19 20:00:00,334.4974
2017-09-20 00:00:00,334.39426
2017-09-20 04:00:00,334.6734
2017-09-20 08:00:00,335.09702
2017-09-20 12:00:00,335.1096
2017-09-20 16:00:00,334.69305
2017-09-20 20:00:00,334.49603
2017-09-21 00:00:00,334.56567
2017-09-21 04:00:00,335.0213
2017-09-21 08:00:00,335.4197
2017-09-21 12:00:00,335.47278
2017-09-21 16:00:00,334.97787
2017-09-21 20:00:00,334.72833
2017-09-22 00:00:00,334.64056
2017-09-22 04:00:00,334.9485
2017-09-22 08:00:00,335.48932
2017-09-22 12:00:00,335.35107
2017-09-22 16:00:00,334.9351
2017-09-22 20:00:00,334.6109
2017-09-23 00:00:00,334.38177
2017-09-23 04:00:00,334.59842
2017-09-23 08:00:00,334.6364
2017-09-23 12:00:00,334.3962
2017-09-23 16:00:00,333.8764
2017-09-23 20:00:00,333.64383
2017-09-24 00:00:00,333.9708
2017-09-24 04:00:00,334.2163
2017-09-24 08:00:00,334.3008
2017-09-24 12:00:00,334.19034
2017-09-24 16:00:00,333.77243
2017-09-24 20:00:00,333.6377
2017-09-25 00:00:00,333.36493
2017-09-25 04:00:00,333.74704
2017-09-25 08:00:00,334.27298
2017-09-25 12:00:00,334.28952
2017-09-25 16:00:00,333.97205
2017-09-25 20:00:00,333.6975
2017-09-26 00:00:00,333.53967
2017-09-26 04:00:00,333.77313
2017-09-26 08:00:00,334.4883
2017-09-26 12:00:00,334.561
2017-09-26 16:00:00,334.00137
2017-09-26 20:00:00,333.53638
2017-09-27 00:00:00,333.50763
2017-09-27 04:00:00,333.8954
2017-09-27 08:00:00,334.39294
2017-09-27 12:00:00,334.69907
2017-09-27 16:00:00,334.20557
2017-09-27 20:00:00,333.79303
2017-09-28 00:00:00,333.69476
2017-09-28 04:00:00,334.07272
2017-09-28 08:00:00,334.30972
2017-09-28 12:00:00,334.0391
2017-09-28 16:00:00,333.41135
2017-09-28 20:00:00,333.2729
2017-09-29 00:00:00,333.38217
2017-09-29 04:00:00,333.71353
2017-09-29 08:00:00,333.83997
2017-09-29 12:00:00,333.88666
2017-09-29 16:00:00,333.6034
2017-09-29 20:00:00,333.10803
2017-09-30 00:00:00,332.99585
2017-09-30 04:00:00,333.43402
2017-09-30 08:00:00,333.77136
2017-09-30 12:00:00,333.583
2017-09-30 16:00:00,332.9206
2017-09-30 20:00:00,332.44336
2017-10-01 00:00:00,332.3941
2017-10-01 04:00:00,332.8182
2017-10-01 08:00:00,333.25436
2017-10-01 12:00:00,332.90735
2017-10-01 16:00:00,332.23123
2017-10-01 20:00:00,331.8866
2017-10-02 00:00:00,331.7414
2017-10-02 04:00:00,332.10742
2017-10-02 08:00:00,332.3954
2017-10-02 12:00:00,332.31116
2017-10-02 16:00:00,331.8628
2017-10-02 20:00:00,331.65445
2017-10-03 00:00:00,331.86682
2017-10-03 04:00:00,332.20944
2017-10-03 08:00:00,332.5395
2017-10-03 12:00:00,332.3047
2017-10-03 16:00:00,331.72122
2017-10-03 20:00:00,331.64813
2017-10-04 00:00:00,331.76413
2017-10-04 04:00:00,332.3838
2017-10-04 08:00:00,332.71548
2017-10-04 12:00:00,332.51047
2017-10-04 16:00:00,331.96405
2017-10-04 20:00:00,331.8576
2017-10-05 00:00:00,331.95914
2017-10-05 04:00:00,332.7556
2017-10-05 08:00:00,333.48502
2017-10-05 12:00:00,333.49823
2017-10-05 16:00:00,332.75946
2017-10-05 20:00:00,332.35376
2017-10-06 00:00:00,332.45227
2017-10-06 04:00:00,332.91214
2017-10-06 08:00:00,333.43878
2017-10-06 12:00:00,333.22144
2017-10-06 16:00:00,332.6969
2017-10-06 20:00:00,332.55313
2017-10-07 00:00:00,332.49197
2017-10-07 04:00:00,332.891
2017-10-07 08:00:00,333.06543
2017-10-07 12:00:00,333.01483
2017-10-07 16:00:00,332.3409
2017-10-07 20:00:00,332.0675
2017-10-08 00:00:00,331.98294
2017-10-08 04:00:00,331.84436
2017-10-08 08:00:00,332.29565
2017-10-08 12:00:00,332.25125
2017-10-08 16:00:00,331.87213
2017-10-08 20:00:00,331.69684
2017-10-09 00:00:00,331.53638
2017-10-09 04:00:00,331.6151
2017-10-09 08:00:00,331.8962
2017-10-09 12:00:00,331.77136
2017-10-09 16:00:00,331.597
2017-10-09 20:00:00,331.6133
2017-10-10 00:00:00,331.37653
2017-10-10 04:00:00,331.50137
2017-10-10 08:00:00,331.45718
2017-10-10 12:00:00,331.2972
2017-10-10 16:00:00,330.8415
2017-10-10 20:00:00,330.7211
2017-10-11 00:00:00,330.66928
2017-10-11 04:00:00,330.82462
2017-10-11 08:00:00,331.4167
2017-10-11 12:00:00,331.3834
2017-10-11 16:00:00,330.88
2017-10-11 20:00:00,330.49307
2017-10-12 00:00:00,330.36523
2017-10-12 04:00:00,330.96976
2017-10-12 08:00:00,331.6389
2017-10-12 12:00:00,331.51724
2017-10-12 16:00:00,330.91272
2017-10-12 20:00:00,330.70258
2017-10-13 00:00:00,330.6531
2017-10-13 04:00:00,330.61877
2017-10-13 08:00:00,330.5601
2017-10-13 12:00:00,330.41327
2017-10-13 16:00:00,330.10602
2017-10-13 20:00:00,329.98764
2017-10-14 00:00:00,329.9161
2017-10-14 04:00:00,330.14334
2017-10-14 08:00:00,330.83633
2017-10-14 12:00:00,330.58185
2017-10-14 16:00:00,329.70602
2017-10-14 20:00:00,329.35638
2017-10-15 00:00:00,329.35947
2017-10-15 04:00:00,329.54178
2017-10-15 08:00:00,330.08176
2017-10-15 12:00:00,329.86063
2017-10-15 16:00:00,329.09692
2017-10-15 20:00:00,328.85733
2017-10-16 00:00:00,328.90848
2017-10-16 04:00:00,329.158
2017-10-16 08:00:00,329.59348
2017-10-16 12:00:00,329.6517
2017-10-16 16:00:00,329.48596
2017-10-16 20:00:00,329.49045
2017-10-17 00:00:00,329.53903
2017-10-17 04:00:00,329.63272
2017-10-17 08:00:00,329.94614
2017-10-17 12:00:00,329.75064
2017-10-17 16:00:00,329.4272
2017-10-17 20:00:00,329.36304
2017-10-18 00:00:00,329.3844
2017-10-18 04:00:00,329.50763
2017-10-18 08:00:00,330.04163
2017-10-18 12:00:00,329.94672
2017-10-18 16:00:00,329.76505
2017-10-18 20:00:00,329.6756
2017-10-19 00:00:00,329.6513
2017-10-19 04:00:00,330.03943
2017-10-19 08:00:00,330.5099
2017-10-19 12:00:00,330.4193
2017-10-19 16:00:00,329.98404
2017-10-19 20:00:00,329.64938
2017-10-20 00:00:00,329.2624
2017-10-20 04:00:00,329.46655
2017-10-20 08:00:00,330.04227
2017-10-20 12:00:00,329.8799
2017-10-20 16:00:00,329.6194
2017-10-20 20:00:00,329.3319
2017-10-21 00:00:00,329.53207
2017-10-21 04:00:00,329.75833
2017-10-21 08:00:00,330.0752
2017-10-21 12:00:00,329.69406
2017-10-21 16:00:00,329.44275
2017-10-21 20:00:00,329.4641
2017-10-22 00:00:00,329.70264
2017-10-22 04:00:00,329.9852
2017-10-22 08:00:00,330.4169
2017-10-22 12:00:00,330.39493
2017-10-22 16:00:00,330.05612
2017-10-22 20:00:00,329.8511
2017-10-23 00:00:00,329.78415
2017-10-23 04:00:00,330.29874
2017-10-23 08:00:00,330.61597
2017-10-23 12:00:00,330.31714
2017-10-23 16:00:00,329.8008
2017-10-23 20:00:00,329.63043
2017-10-24 00:00:00,329.76343
2017-10-24 04:00:00,330.21213
2017-10-24 08:00:00,330.49945
2017-10-24 12:00:00,330.34897
2017-10-24 16:00:00,329.95786
2017-10-24 20:00:00,329.7788
2017-10-25 00:00:00,329.98663
2017-10-25 04:00:00,330.29535
2017-10-25 08:00:00,330.91693
2017-10-25 12:00:00,331.0366
2017-10-25 16:00:00,330.82758
2017-10-25 20:00:00,330.45825
2017-10-26 00:00:00,330.29877
2017-10-26 04:00:00,330.47714
2017-10-26 08:00:00,330.73962
2017-10-26 12:00:00,330.64743
2017-10-26 16:00:00,330.26917
2017-10-26 20:00:00,330.00397
2017-10-27 00:00:00,329.88715
2017-10-27 04:00:00,330.13797
2017-10-27 08:00:00,330.79092
2017-10-27 12:00:00,330.66998
2017-10-27 16:00:00,330.2261
2017-10-27 20:00:00,329.95285
2017-10-28 00:00:00,329.8613
